4563310048123750|09|2029|270
4563310048197184|09|2029|969
4563310048187185|09|2029|837
4563310048135523|09|2029|772
4563310048133346|09|2029|413
4563310048152684|09|2029|033
4563310048144871|09|2029|613
4563310048115434|09|2029|196
4563310048134260|09|2029|635
4563310048194264|09|2029|620
4563310048183549|09|2029|222
4563310048191732|09|2029|627
4563310048152221|09|2029|063
4563310048116606|09|2029|984
4563310048149052|09|2029|611
4563310048145902|09|2029|467
4563310048135457|09|2029|182
4563310048129823|09|2029|759
4563310048193431|09|2029|313
4563310048146405|09|2029|223
4563310048131431|09|2029|730
4563310048194074|09|2029|743
4563310048133718|09|2029|188
4563310048119444|09|2029|334
4563310048139434|09|2029|077
4563310048161057|09|2029|482
4563310048191518|09|2029|238
4563310048156818|09|2029|199
4563310048158780|09|2029|280
4563310048129856|09|2029|946
4563310048170512|09|2029|829
4563310048196889|09|2029|246
4563310048178507|09|2029|326
4563310048172765|09|2029|768
4563310048191039|09|2029|182
4563310048188498|09|2029|049
4563310048142032|09|2029|344
4563310048158335|09|2029|301
4563310048144475|09|2029|715
4563310048104198|09|2029|847
4563310048137453|09|2029|735
4563310048104909|09|2029|689
4563310048105161|09|2029|478
4563310048146322|09|2029|103
4563310048134336|09|2029|321
4563310048134146|09|2029|987
4563310048161115|09|2029|296
4563310048107084|09|2029|069
4563310048130631|09|2029|124
4563310048164465|09|2029|559
4563310048122166|09|2029|558
4563310048182079|09|2029|452
4563310048172450|09|2029|381
4563310048125110|09|2029|174
4563310048140333|09|2029|333
4563310048179828|09|2029|056
4563310048161941|09|2029|374
4563310048194421|09|2029|274
4563310048163780|09|2029|820
4563310048140028|09|2029|576
4563310048193829|09|2029|483
4563310048143782|09|2029|813
4563310048106086|09|2029|674
4563310048148476|09|2029|909
4563310048161164|09|2029|581
4563310048177251|09|2029|970
4563310048126183|09|2029|972
4563310048153740|09|2029|728
4563310048125599|09|2029|939
4563310048166825|09|2029|750
4563310048138998|09|2029|810
4563310048113751|09|2029|942
4563310048170181|09|2029|626
4563310048175545|09|2029|977
4563310048106870|09|2029|606
4563310048188142|09|2029|561
4563310048166312|09|2029|863
4563310048151975|09|2029|320
4563310048150209|09|2029|932
4563310048147858|09|2029|895
4563310048166742|09|2029|159
4563310048197291|09|2029|087
4563310048170389|09|2029|144
4563310048195550|09|2029|742
4563310048132843|09|2029|430
4563310048102119|09|2029|223
4563310048122802|09|2029|853
4563310048116341|09|2029|668
4563310048144541|09|2029|802
4563310048188662|09|2029|724
4563310048153450|09|2029|694
4563310048137982|09|2029|195
4563310048149383|09|2029|693
4563310048150340|09|2029|738
4563310048192391|09|2029|330
4563310048122562|09|2029|413
4563310048100899|09|2029|867
4563310048136497|09|2029|246
4563310048122406|09|2029|679
4563310048122935|09|2029|577
4563310048181964|09|2029|791
4563310048127041|09|2029|915
4563310048184679|09|2029|145
4563310048134237|09|2029|027
4563310048107738|09|2029|190
4563310048196178|09|2029|655
4563310048107043|09|2029|005
4563310048194090|09|2029|073
4563310048139905|09|2029|010
4563310048174852|09|2029|647
4563310048160976|09|2029|053
4563310048196020|09|2029|472
4563310048106763|09|2029|337
4563310048100618|09|2029|768
4563310048158095|09|2029|813
4563310048141760|09|2029|313
4563310048121143|09|2029|728
4563310048161958|09|2029|917
4563310048106052|09|2029|231
4563310048116580|09|2029|803
4563310048144798|09|2029|622
4563310048127918|09|2029|294
4563310048156974|09|2029|185
4563310048154177|09|2029|092
4563310048195659|09|2029|536
4563310048176600|09|2029|285
4563310048166049|09|2029|006
4563310048150019|09|2029|398
4563310048143691|09|2029|414
4563310048131654|09|2029|387
4563310048110864|09|2029|466
4563310048131217|09|2029|438
4563310048185916|09|2029|484
4563310048157576|09|2029|215
4563310048113587|09|2029|574
4563310048148823|09|2029|936
4563310048189140|09|2029|191
4563310048113181|09|2029|854
4563310048160620|09|2029|067
4563310048156537|09|2029|674
4563310048103505|09|2029|339
4563310048112126|09|2029|157
4563310048186054|09|2029|654
4563310048133841|09|2029|998
4563310048122216|09|2029|613
4563310048153674|09|2029|194
4563310048109700|09|2029|973
4563310048166981|09|2029|702
4563310048152874|09|2029|964
4563310048184950|09|2029|405
4563310048172161|09|2029|554
4563310048193829|09|2029|581
4563310048192094|09|2029|005
4563310048127587|09|2029|939
4563310048100733|09|2029|234
4563310048175297|09|2029|155
4563310048152940|09|2029|685
4563310048115426|09|2029|754
4563310048142602|09|2029|747
4563310048105203|09|2029|103
4563310048117059|09|2029|998
4563310048123081|09|2029|227
4563310048197838|09|2029|877
4563310048150811|09|2029|614
4563310048122570|09|2029|768
4563310048149581|09|2029|332
4563310048140077|09|2029|186
4563310048179745|09|2029|258
4563310048159655|09|2029|576
4563310048167484|09|2029|229
4563310048129625|09|2029|524
4563310048167989|09|2029|900
4563310048197978|09|2029|783
4563310048125573|09|2029|248
4563310048110211|09|2029|216
4563310048190650|09|2029|222
4563310048170629|09|2029|900
4563310048175123|09|2029|531
4563310048179182|09|2029|170
4563310048168219|09|2029|844
4563310048103950|09|2029|536
4563310048145357|09|2029|051
4563310048160885|09|2029|481
4563310048102929|09|2029|328
4563310048105815|09|2029|423
4563310048125086|09|2029|981
4563310048102366|09|2029|607
4563310048110682|09|2029|496
4563310048166239|09|2029|949
4563310048148583|09|2029|919
4563310048192318|09|2029|849
4563310048134104|09|2029|328
4563310048119667|09|2029|019
4563310048142495|09|2029|293
4563310048190478|09|2029|077
4563310048122778|09|2029|064
4563310048175883|09|2029|197
4563310048110740|09|2029|333
4563310048183598|09|2029|174
4563310048128460|09|2029|581
4563310048170892|09|2029|218
4563310048135481|09|2029|466
4563310048155489|09|2029|496
4563310048110781|09|2029|389
4563310048158111|09|2029|147
4563310048148369|09|2029|243
4563310048155711|09|2029|964
4563310048183176|09|2029|976
4563310048178242|09|2029|018
4563310048183168|09|2029|141
4563310048158624|09|2029|942
4563310048117869|09|2029|599
4563310048106060|09|2029|200
4563310048101392|09|2029|827
4563310048111482|09|2029|079
4563310048103158|09|2029|836
4563310048172757|09|2029|146
4563310048152742|09|2029|099
4563310048159044|09|2029|549
4563310048197127|09|2029|448
4563310048122455|09|2029|081
4563310048193985|09|2029|565
4563310048139152|09|2029|781
4563310048176006|09|2029|592
4563310048187995|09|2029|593
4563310048185387|09|2029|493
4563310048149557|09|2029|951
4563310048181105|09|2029|645
4563310048123826|09|2029|746
4563310048129583|09|2029|243
4563310048147718|09|2029|420
4563310048107597|09|2029|784
4563310048125094|09|2029|390
4563310048149938|09|2029|011
4563310048160653|09|2029|735
4563310048100840|09|2029|835
4563310048104909|09|2029|487
4563310048165611|09|2029|316
4563310048102341|09|2029|484
4563310048104792|09|2029|692
4563310048183358|09|2029|288
4563310048194686|09|2029|530
4563310048139475|09|2029|354
4563310048101640|09|2029|576
4563310048157345|09|2029|292
4563310048180214|09|2029|497
4563310048180727|09|2029|601
4563310048167898|09|2029|329
4563310048126407|09|2029|130
4563310048167096|09|2029|009
4563310048176808|09|2029|010
4563310048156065|09|2029|730
4563310048120541|09|2029|331
4563310048185601|09|2029|423
4563310048117539|09|2029|456
4563310048132595|09|2029|356
4563310048148609|09|2029|763
4563310048120566|09|2029|663
4563310048126506|09|2029|482
4563310048123453|09|2029|497
4563310048117414|09|2029|267
4563310048126118|09|2029|682
4563310048114676|09|2029|489
4563310048144756|09|2029|185
4563310048144152|09|2029|257
4563310048144715|09|2029|265
4563310048150977|09|2029|461
4563310048114338|09|2029|638
4563310048135788|09|2029|161
4563310048125466|09|2029|297
4563310048143600|09|2029|654
4563310048130128|09|2029|737
4563310048134740|09|2029|925
4563310048101947|09|2029|325
4563310048165157|09|2029|347
4563310048136299|09|2029|042
4563310048133767|09|2029|462
4563310048120392|09|2029|675
4563310048171460|09|2029|729
4563310048109247|09|2029|164
4563310048136323|09|2029|826
4563310048127629|09|2029|526
4563310048142834|09|2029|671
4563310048100998|09|2029|482
4563310048103703|09|2029|164
4563310048126035|09|2029|428
4563310048133304|09|2029|139
4563310048160406|09|2029|158
4563310048109718|09|2029|117
4563310048115988|09|2029|780
4563310048125029|09|2029|896
4563310048184679|09|2029|160
4563310048193464|09|2029|584
4563310048199388|09|2029|231
4563310048180669|09|2029|731
4563310048131894|09|2029|978
4563310048111037|09|2029|454
4563310048152775|09|2029|437
4563310048149656|09|2029|777
4563310048190536|09|2029|224
4563310048181196|09|2029|602
4563310048171908|09|2029|864
4563310048160455|09|2029|043
4563310048127405|09|2029|796
4563310048167054|09|2029|875
4563310048131845|09|2029|951
4563310048139988|09|2029|352
4563310048179927|09|2029|296
4563310048132991|09|2029|751
4563310048114890|09|2029|544
4563310048169258|09|2029|044
4563310048155091|09|2029|188
4563310048166320|09|2029|028
4563310048108843|09|2029|976
4563310048161537|09|2029|471
4563310048192250|09|2029|914
4563310048138386|09|2029|605
4563310048141901|09|2029|145
4563310048126233|09|2029|219
4563310048197929|09|2029|154
4563310048110674|09|2029|740
4563310048155471|09|2029|668
4563310048177749|09|2029|390
4563310048135218|09|2029|662
4563310048135283|09|2029|996
4563310048173375|09|2029|817
4563310048154680|09|2029|941
4563310048181352|09|2029|711
4563310048104875|09|2029|423
4563310048167948|09|2029|181
4563310048150712|09|2029|017
4563310048176691|09|2029|336
4563310048126019|09|2029|137
4563310048165827|09|2029|676
4563310048149169|09|2029|796
4563310048128874|09|2029|215
4563310048120749|09|2029|537
4563310048145878|09|2029|719
4563310048146876|09|2029|758
4563310048189256|09|2029|082
4563310048133445|09|2029|380
4563310048185320|09|2029|228
4563310048198711|09|2029|523
4563310048174191|09|2029|126
4563310048176139|09|2029|949
4563310048113819|09|2029|593
4563310048190643|09|2029|598
4563310048131076|09|2029|240
4563310048185114|09|2029|091
4563310048184430|09|2029|304
4563310048134633|09|2029|944
4563310048198588|09|2029|926
4563310048184703|09|2029|340
4563310048182848|09|2029|204
4563310048173052|09|2029|522
4563310048177483|09|2029|783
4563310048103133|09|2029|271
4563310048154516|09|2029|616
4563310048100006|09|2029|961
4563310048106342|09|2029|387
4563310048130086|09|2029|974
4563310048168201|09|2029|520
4563310048168854|09|2029|763
4563310048133007|09|2029|146
4563310048182509|09|2029|210
4563310048122539|09|2029|390
4563310048111771|09|2029|869
4563310048152114|09|2029|817
4563310048131951|09|2029|494
4563310048155521|09|2029|740
4563310048194850|09|2029|052
4563310048178630|09|2029|785
4563310048164317|09|2029|684
4563310048100253|09|2029|204
4563310048103323|09|2029|042
4563310048104958|09|2029|352
4563310048152460|09|2029|510
4563310048153542|09|2029|617
4563310048136059|09|2029|590
4563310048149169|09|2029|594
4563310048135333|09|2029|186
4563310048111771|09|2029|338
4563310048176048|09|2029|105
4563310048175339|09|2029|677
4563310048121192|09|2029|579
4563310048113256|09|2029|656
4563310048144350|09|2029|270
4563310048192854|09|2029|831
4563310048113199|09|2029|090
4563310048146231|09|2029|014
4563310048107761|09|2029|317
4563310048126118|09|2029|184
4563310048163681|09|2029|121
4563310048188159|09|2029|376
4563310048144152|09|2029|840
4563310048117505|09|2029|001
4563310048113256|09|2029|987
4563310048172898|09|2029|556
4563310048130342|09|2029|312
4563310048112555|09|2029|256
4563310048154359|09|2029|796
4563310048196160|09|2029|040
4563310048150019|09|2029|483
4563310048175727|09|2029|487
4563310048167278|09|2029|719
4563310048182749|09|2029|567
4563310048135721|09|2029|243
4563310048125623|09|2029|607
4563310048115699|09|2029|791
4563310048172559|09|2029|234
4563310048148963|09|2029|264
4563310048187920|09|2029|054
4563310048193456|09|2029|977
4563310048100352|09|2029|840
4563310048171098|09|2029|927
4563310048128353|09|2029|984
4563310048168573|09|2029|054
4563310048134070|09|2029|631
4563310048154763|09|2029|531
4563310048134039|09|2029|753
4563310048108736|09|2029|525
4563310048173532|09|2029|230
4563310048113223|09|2029|199
4563310048118388|09|2029|961
4563310048182814|09|2029|714
4563310048102515|09|2029|999
4563310048127082|09|2029|431
4563310048177160|09|2029|982
4563310048105658|09|2029|838
4563310048112837|09|2029|304
4563310048129161|09|2029|177
4563310048162568|09|2029|645
4563310048141323|09|2029|645
4563310048166064|09|2029|704
4563310048178838|09|2029|502
4563310048164093|09|2029|608
4563310048141794|09|2029|589
4563310048163392|09|2029|800
4563310048170496|09|2029|188
4563310048172880|09|2029|778
4563310048196954|09|2029|465
4563310048138881|09|2029|139
4563310048106854|09|2029|452
4563310048171114|09|2029|212
4563310048167286|09|2029|524
4563310048139814|09|2029|772
4563310048192615|09|2029|253
4563310048194801|09|2029|506
4563310048166064|09|2029|295
4563310048168532|09|2029|009
4563310048189488|09|2029|064
4563310048137925|09|2029|061
4563310048132918|09|2029|447
4563310048146207|09|2029|499
4563310048193571|09|2029|013
4563310048108298|09|2029|314
4563310048119840|09|2029|633
4563310048147536|09|2029|084
4563310048176972|09|2029|913
4563310048107696|09|2029|767
4563310048177095|09|2029|808
4563310048123982|09|2029|646
4563310048134617|09|2029|827
4563310048185783|09|2029|545
4563310048106565|09|2029|252
4563310048184042|09|2029|056
4563310048163517|09|2029|952
4563310048192532|09|2029|863
4563310048131118|09|2029|223
4563310048177368|09|2029|714
4563310048173722|09|2029|736
4563310048130201|09|2029|092
4563310048101681|09|2029|920
4563310048171171|09|2029|568
4563310048152098|09|2029|884
4563310048119444|09|2029|771
4563310048193399|09|2029|870
4563310048197390|09|2029|356
4563310048161305|09|2029|990
4563310048191682|09|2029|224
4563310048108504|09|2029|839
4563310048165397|09|2029|819
4563310048140887|09|2029|743
4563310048122422|09|2029|682
4563310048104909|09|2029|437
4563310048152619|09|2029|662
4563310048192516|09|2029|990
4563310048124329|09|2029|643
4563310048143998|09|2029|084
4563310048178069|09|2029|047
4563310048177277|09|2029|269
4563310048183044|09|2029|321
4563310048145415|09|2029|525
4563310048145332|09|2029|947
4563310048136729|09|2029|549
4563310048143345|09|2029|752
4563310048139418|09|2029|315
4563310048131019|09|2029|861
4563310048187052|09|2029|923
4563310048169498|09|2029|977
4563310048194041|09|2029|821
4563310048135143|09|2029|654
4563310048101749|09|2029|740
4563310048161701|09|2029|359
4563310048121119|09|2029|511
4563310048140028|09|2029|840
4563310048136836|09|2029|032
4563310048172187|09|2029|119
4563310048130045|09|2029|539
4563310048110948|09|2029|365
4563310048134252|09|2029|846
4563310048190437|09|2029|165
4563310048145316|09|2029|828
4563310048141802|09|2029|916
4563310048183796|09|2029|456
4563310048146082|09|2029|328
4563310048129773|09|2029|517
4563310048198000|09|2029|692
4563310048120442|09|2029|145
4563310048117000|09|2029|736
4563310048127728|09|2029|805
4563310048107803|09|2029|795
4563310048197481|09|2029|027
4563310048125417|09|2029|568
4563310048134724|09|2029|250
4563310048166221|09|2029|126
4563310048146231|09|2029|988
4563310048128221|09|2029|460
4563310048174944|09|2029|474
4563310048159903|09|2029|352
4563310048139582|09|2029|255
4563310048167930|09|2029|757
4563310048126951|09|2029|795
4563310048191765|09|2029|628
4563310048124527|09|2029|508
4563310048102937|09|2029|117
4563310048143758|09|2029|698
4563310048167146|09|2029|386
4563310048197069|09|2029|346
4563310048115012|09|2029|872
4563310048152452|09|2029|886
4563310048164184|09|2029|817
4563310048101194|09|2029|120
4563310048123503|09|2029|852
4563310048114403|09|2029|056
4563310048151751|09|2029|651
4563310048171270|09|2029|018
4563310048179950|09|2029|913
4563310048135234|09|2029|819
4563310048117141|09|2029|980
4563310048199594|09|2029|727
4563310048154383|09|2029|038
4563310048170116|09|2029|410
4563310048111656|09|2029|329
4563310048138816|09|2029|324
4563310048184075|09|2029|261
4563310048158293|09|2029|074
4563310048165041|09|2029|196
4563310048151595|09|2029|875
4563310048181725|09|2029|522
4563310048128528|09|2029|896
4563310048144970|09|2029|054
4563310048129914|09|2029|685
4563310048179935|09|2029|341
4563310048120046|09|2029|801
4563310048102820|09|2029|987
4563310048118784|09|2029|287
4563310048158384|09|2029|050
4563310048144020|09|2029|509
4563310048148534|09|2029|663
4563310048198265|09|2029|662
4563310048103166|09|2029|006
4563310048124329|09|2029|983
4563310048194868|09|2029|549
4563310048179661|09|2029|906
4563310048175743|09|2029|975
4563310048119626|09|2029|683
4563310048122604|09|2029|328
4563310048157022|09|2029|376
4563310048193563|09|2029|960
4563310048194637|09|2029|639
4563310048183697|09|2029|130
4563310048116135|09|2029|234
4563310048101632|09|2029|499
4563310048166874|09|2029|424
4563310048105823|09|2029|262
4563310048128700|09|2029|440
4563310048104842|09|2029|471
4563310048150373|09|2029|302
4563310048144749|09|2029|878
4563310048145381|09|2029|895
4563310048185684|09|2029|304
4563310048186534|09|2029|655
4563310048163178|09|2029|321
4563310048133635|09|2029|499
4563310048110336|09|2029|676
4563310048100352|09|2029|295
4563310048102382|09|2029|801
4563310048126654|09|2029|858
4563310048116549|09|2029|514
4563310048171254|09|2029|128
4563310048143535|09|2029|324
4563310048181881|09|2029|687
4563310048193860|09|2029|110
4563310048154870|09|2029|945
4563310048195444|09|2029|582
4563310048195535|09|2029|696
4563310048157717|09|2029|504
4563310048158087|09|2029|363
4563310048137495|09|2029|623
4563310048183010|09|2029|815
4563310048171718|09|2029|538
4563310048124055|09|2029|847
4563310048104776|09|2029|986
4563310048141190|09|2029|584
4563310048141133|09|2029|121
4563310048175107|09|2029|625
4563310048151355|09|2029|921
4563310048133569|09|2029|333
4563310048174639|09|2029|056
4563310048139962|09|2029|270
4563310048168730|09|2029|668
4563310048151488|09|2029|263
4563310048130078|09|2029|999
4563310048126472|09|2029|621
4563310048104875|09|2029|436
4563310048184208|09|2029|387
4563310048188365|09|2029|788
4563310048127546|09|2029|077
4563310048108462|09|2029|910
4563310048178127|09|2029|962
4563310048166643|09|2029|313
4563310048178366|09|2029|853
4563310048121838|09|2029|596
4563310048107738|09|2029|275
4563310048134518|09|2029|550
4563310048148336|09|2029|041
4563310048197218|09|2029|713
4563310048113348|09|2029|593
4563310048189199|09|2029|737
4563310048134286|09|2029|804
4563310048189132|09|2029|451
4563310048147379|09|2029|736
4563310048175750|09|2029|477
4563310048192482|09|2029|266
4563310048182194|09|2029|849
4563310048154110|09|2029|267
4563310048116143|09|2029|482
4563310048143675|09|2029|137
4563310048187409|09|2029|240
4563310048105153|09|2029|874
4563310048105617|09|2029|992
4563310048122802|09|2029|277
4563310048158111|09|2029|964
4563310048127728|09|2029|823
4563310048183473|09|2029|878
4563310048155125|09|2029|332
4563310048115731|09|2029|585
4563310048143998|09|2029|446
4563310048162691|09|2029|300
4563310048156982|09|2029|117
4563310048119865|09|2029|067
4563310048187284|09|2029|281
4563310048175685|09|2029|890
4563310048173318|09|2029|674
4563310048191203|09|2029|374
4563310048172849|09|2029|791
4563310048143568|09|2029|620
4563310048178119|09|2029|366
4563310048138105|09|2029|712
4563310048183788|09|2029|591
4563310048146942|09|2029|041
4563310048132926|09|2029|499
4563310048179315|09|2029|949
4563310048117083|09|2029|218
4563310048136745|09|2029|541
4563310048123750|09|2029|738
4563310048133445|09|2029|659
4563310048106714|09|2029|802
4563310048193092|09|2029|201
4563310048116531|09|2029|992
4563310048142214|09|2029|622
4563310048160539|09|2029|957
4563310048114494|09|2029|816
4563310048137222|09|2029|603
4563310048134096|09|2029|879
4563310048113744|09|2029|736
4563310048174712|09|2029|200
4563310048119188|09|2029|611
4563310048165173|09|2029|619
4563310048195246|09|2029|391
4563310048152700|09|2029|109
4563310048151397|09|2029|846
4563310048121028|09|2029|159
4563310048146504|09|2029|970
4563310048122067|09|2029|503
4563310048199123|09|2029|845
4563310048122661|09|2029|734
4563310048109841|09|2029|765
4563310048106797|09|2029|047
4563310048177848|09|2029|998
4563310048182277|09|2029|356
4563310048195923|09|2029|661
4563310048144921|09|2029|524
4563310048165488|09|2029|759
4563310048102986|09|2029|847
4563310048120848|09|2029|193
4563310048162469|09|2029|565
4563310048111300|09|2029|217
4563310048160653|09|2029|576
4563310048138956|09|2029|664
4563310048131746|09|2029|107
4563310048112936|09|2029|382
4563310048174035|09|2029|453
4563310048158426|09|2029|404
4563310048179919|09|2029|359
4563310048162295|09|2029|254
4563310048178796|09|2029|339
4563310048148245|09|2029|205
4563310048198018|09|2029|740
4563310048116333|09|2029|904
4563310048181782|09|2029|535
4563310048127033|09|2029|593
4563310048173029|09|2029|119
4563310048149797|09|2029|773
4563310048162238|09|2029|866
4563310048193068|09|2029|599
4563310048171015|09|2029|732
4563310048160737|09|2029|588
4563310048112993|09|2029|290
4563310048191963|09|2029|409
4563310048198240|09|2029|928
4563310048181154|09|2029|130
4563310048171353|09|2029|278
4563310048101269|09|2029|422
4563310048102192|09|2029|499
4563310048164648|09|2029|239
4563310048147304|09|2029|397
4563310048152700|09|2029|132
4563310048101277|09|2029|418
4563310048108405|09|2029|709
4563310048169837|09|2029|305
4563310048191559|09|2029|857
4563310048108306|09|2029|707
4563310048130011|09|2029|416
4563310048139236|09|2029|685
4563310048185130|09|2029|629
4563310048137289|09|2029|774
4563310048159598|09|2029|966
4563310048126415|09|2029|811
4563310048167476|09|2029|666
4563310048182525|09|2029|649
4563310048121481|09|2029|637
4563310048121986|09|2029|715
4563310048158566|09|2029|029
4563310048151207|09|2029|894
4563310048119469|09|2029|458
4563310048185528|09|2029|557
4563310048171106|09|2029|038
4563310048156925|09|2029|833
4563310048142446|09|2029|346
4563310048129955|09|2029|809
4563310048101483|09|2029|175
4563310048196525|09|2029|919
4563310048154649|09|2029|095
4563310048136323|09|2029|859
4563310048130847|09|2029|987
4563310048182434|09|2029|951
4563310048174217|09|2029|157
4563310048125375|09|2029|517
4563310048134203|09|2029|978
4563310048189108|09|2029|822
4563310048157634|09|2029|186
4563310048134732|09|2029|635
4563310048109270|09|2029|410
4563310048138212|09|2029|050
4563310048196657|09|2029|833
4563310048173367|09|2029|712
4563310048153948|09|2029|075
4563310048145662|09|2029|241
4563310048185007|09|2029|867
4563310048197176|09|2029|402
4563310048160232|09|2029|433
4563310048186450|09|2029|073
4563310048157055|09|2029|761
4563310048176204|09|2029|679
4563310048122299|09|2029|620
4563310048101699|09|2029|633
4563310048151884|09|2029|432
4563310048190700|09|2029|649
4563310048155281|09|2029|667
4563310048196566|09|2029|848
4563310048154425|09|2029|292
4563310048184687|09|2029|035
4563310048181725|09|2029|162
4563310048125300|09|2029|939
4563310048149854|09|2029|847
4563310048158038|09|2029|006
4563310048174050|09|2029|263
4563310048111268|09|2029|252
4563310048123123|09|2029|804
4563310048139970|09|2029|603
4563310048184018|09|2029|675
4563310048198133|09|2029|901
4563310048177228|09|2029|178
4563310048140028|09|2029|577
4563310048143188|09|2029|990
4563310048124956|09|2029|830
4563310048150928|09|2029|049
4563310048170686|09|2029|726
4563310048182582|09|2029|573
4563310048162691|09|2029|518
4563310048143626|09|2029|218
4563310048132934|09|2029|018
4563310048147072|09|2029|781
4563310048103794|09|2029|789
4563310048148476|09|2029|643
4563310048173961|09|2029|434
4563310048165595|09|2029|300
4563310048148104|09|2029|588
4563310048192680|09|2029|652
4563310048148047|09|2029|254
4563310048137040|09|2029|256
4563310048107605|09|2029|121
4563310048150852|09|2029|154
4563310048171619|09|2029|589
4563310048125516|09|2029|490
4563310048143964|09|2029|837
4563310048107407|09|2029|822
4563310048134625|09|2029|695
4563310048182962|09|2029|448
4563310048137909|09|2029|576
4563310048136687|09|2029|152
4563310048105773|09|2029|706
4563310048168755|09|2029|290
4563310048123511|09|2029|733
4563310048134500|09|2029|965
4563310048182830|09|2029|929
4563310048191310|09|2029|589
4563310048198562|09|2029|062
4563310048115939|09|2029|833
4563310048156032|09|2029|352
4563310048154540|09|2029|364
4563310048182384|09|2029|960
4563310048198224|09|2029|354
4563310048136877|09|2029|789
4563310048182087|09|2029|183
4563310048145274|09|2029|651
4563310048185130|09|2029|588
4563310048185759|09|2029|216
4563310048153302|09|2029|907
4563310048139186|09|2029|159
4563310048112308|09|2029|588
4563310048141323|09|2029|827
4563310048173334|09|2029|965
4563310048151066|09|2029|487
4563310048174795|09|2029|421
4563310048123370|09|2029|450
4563310048112555|09|2029|383
4563310048126456|09|2029|863
4563310048158004|09|2029|833
4563310048129765|09|2029|166
4563310048179778|09|2029|666
4563310048148518|09|2029|574
4563310048125102|09|2029|683
4563310048163863|09|2029|602
4563310048155125|09|2029|329
4563310048140598|09|2029|691
4563310048137842|09|2029|132
4563310048182483|09|2029|238
4563310048115970|09|2029|463
4563310048113330|09|2029|801
4563310048143956|09|2029|277
4563310048159838|09|2029|615
4563310048191468|09|2029|709
4563310048169027|09|2029|228
4563310048182087|09|2029|365
4563310048127066|09|2029|855
4563310048137032|09|2029|110
4563310048150852|09|2029|809
4563310048149599|09|2029|204
4563310048108553|09|2029|051
4563310048118743|09|2029|485
4563310048164036|09|2029|722
4563310048170306|09|2029|152
4563310048132835|09|2029|306
4563310048138337|09|2029|566
4563310048134526|09|2029|220
4563310048165629|09|2029|543
4563310048149904|09|2029|489
4563310048117059|09|2029|186
4563310048136836|09|2029|968
4563310048116002|09|2029|981
4563310048132314|09|2029|909
4563310048142388|09|2029|296
4563310048114569|09|2029|152
4563310048114320|09|2029|884
4563310048133429|09|2029|064
4563310048140226|09|2029|554
4563310048194728|09|2029|560
4563310048105872|09|2029|709
4563310048115186|09|2029|681
4563310048186351|09|2029|108
4563310048119881|09|2029|674
4563310048175487|09|2029|787
4563310048118644|09|2029|349
4563310048156305|09|2029|437
4563310048125318|09|2029|354
4563310048169787|09|2029|347
4563310048122059|09|2029|920
4563310048149581|09|2029|408
4563310048156149|09|2029|990
4563310048187912|09|2029|251
4563310048199909|09|2029|287
4563310048175131|09|2029|088
4563310048177749|09|2029|894
4563310048130060|09|2029|053
4563310048183523|09|2029|460
4563310048138923|09|2029|089
4563310048107365|09|2029|756
4563310048187094|09|2029|361
4563310048100808|09|2029|522
4563310048147726|09|2029|369
4563310048126845|09|2029|918
4563310048145654|09|2029|527
4563310048158723|09|2029|831
4563310048153153|09|2029|030
4563310048184893|09|2029|908
4563310048104438|09|2029|694
4563310048178622|09|2029|469
4563310048123941|09|2029|129
4563310048195832|09|2029|324
4563310048125060|09|2029|083
4563310048169233|09|2029|100
4563310048117695|09|2029|924
4563310048191120|09|2029|487
4563310048105187|09|2029|186
4563310048136067|09|2029|175
4563310048170983|09|2029|385
4563310048197358|09|2029|610
4563310048116127|09|2029|546
4563310048163251|09|2029|399
4563310048102184|09|2029|334
4563310048180032|09|2029|424
4563310048164663|09|2029|365
4563310048122273|09|2029|424
4563310048123107|09|2029|822
4563310048133551|09|2029|760
4563310048147593|09|2029|309
4563310048108579|09|2029|387
4563310048181105|09|2029|540
4563310048182442|09|2029|871
4563310048146835|09|2029|691
4563310048122729|09|2029|815
4563310048135739|09|2029|790
4563310048109577|09|2029|830
4563310048100634|09|2029|694
4563310048153013|09|2029|001
4563310048184794|09|2029|537
4563310048140572|09|2029|988
4563310048137313|09|2029|563
4563310048120988|09|2029|427
4563310048180412|09|2029|655
4563310048118842|09|2029|879
4563310048112605|09|2029|640
4563310048145589|09|2029|017
4563310048157279|09|2029|812
4563310048150225|09|2029|231
4563310048165827|09|2029|232
4563310048167401|09|2029|707
4563310048122281|09|2029|914
4563310048125995|09|2029|508
4563310048100212|09|2029|423
4563310048148260|09|2029|953
4563310048199396|09|2029|446
4563310048160554|09|2029|760
4563310048187953|09|2029|865
4563310048175263|09|2029|066
4563310048123909|09|2029|646
4563310048141489|09|2029|937
4563310048159630|09|2029|936
4563310048131043|09|2029|519
4563310048137156|09|2029|394
4563310048197960|09|2029|674
4563310048199412|09|2029|908
4563310048164796|09|2029|982
4563310048178465|09|2029|099
4563310048131977|09|2029|133
4563310048146405|09|2029|042
4563310048151710|09|2029|150
4563310048170371|09|2029|418
4563310048112183|09|2029|597
4563310048170553|09|2029|747
4563310048164333|09|2029|537
4563310048137867|09|2029|125
4563310048109932|09|2029|975
4563310048139749|09|2029|995
4563310048126795|09|2029|421
4563310048182780|09|2029|792
4563310048117257|09|2029|215
4563310048182475|09|2029|907
4563310048135929|09|2029|218
4563310048122232|09|2029|229
4563310048191971|09|2029|382
4563310048175008|09|2029|895
4563310048117604|09|2029|450
4563310048100840|09|2029|490
4563310048130805|09|2029|963
4563310048100436|09|2029|116
4563310048172617|09|2029|301
4563310048159564|09|2029|069
4563310048120939|09|2029|783
4563310048154029|09|2029|201
4563310048183523|09|2029|895
4563310048197473|09|2029|700
4563310048103562|09|2029|213
4563310048100444|09|2029|767
4563310048145464|09|2029|140
4563310048177194|09|2029|538
4563310048195998|09|2029|680
4563310048179968|09|2029|237
4563310048104016|09|2029|936
4563310048152114|09|2029|671
4563310048129401|09|2029|370
4563310048165173|09|2029|445
4563310048186336|09|2029|693
4563310048131274|09|2029|708
4563310048195774|09|2029|447
4563310048113678|09|2029|124
4563310048178622|09|2029|539
4563310048149375|09|2029|160
4563310048127397|09|2029|065
4563310048128734|09|2029|628
4563310048144962|09|2029|401
4563310048123156|09|2029|385
4563310048199164|09|2029|141
4563310048125128|09|2029|789
4563310048142081|09|2029|252
4563310048134831|09|2029|161
4563310048126399|09|2029|389
4563310048109072|09|2029|584
4563310048145845|09|2029|874
4563310048176360|09|2029|247
4563310048175271|09|2029|998
4563310048183127|09|2029|829
4563310048145548|09|2029|248
4563310048100410|09|2029|711
4563310048147692|09|2029|043
4563310048197200|09|2029|614
4563310048193746|09|2029|776
4563310048104974|09|2029|526
4563310048156156|09|2029|920
4563310048161040|09|2029|716
4563310048148302|09|2029|536
4563310048149854|09|2029|745
4563310048134575|09|2029|993
4563310048147999|09|2029|823
4563310048106193|09|2029|982
4563310048145779|09|2029|659
4563310048153997|09|2029|160
4563310048195907|09|2029|995
4563310048166593|09|2029|622
4563310048104974|09|2029|106
4563310048114320|09|2029|210
4563310048184117|09|2029|870
4563310048107712|09|2029|305
4563310048178168|09|2029|536
4563310048187300|09|2029|061
4563310048139541|09|2029|212
4563310048124170|09|2029|430
4563310048130011|09|2029|739
4563310048161370|09|2029|158
4563310048135705|09|2029|274
4563310048139731|09|2029|888
4563310048101004|09|2029|309
4563310048139459|09|2029|416
4563310048178606|09|2029|433
4563310048152056|09|2029|210
4563310048104180|09|2029|252
4563310048185510|09|2029|368
4563310048162147|09|2029|875
4563310048151231|09|2029|010
4563310048193837|09|2029|209
4563310048130284|09|2029|275
4563310048107928|09|2029|135
4563310048148534|09|2029|003
4563310048196665|09|2029|165
4563310048164994|09|2029|175
4563310048150910|09|2029|102
4563310048100121|09|2029|624
4563310048134310|09|2029|298
4563310048136612|09|2029|485
4563310048127223|09|2029|662
4563310048118735|09|2029|752
4563310048125094|09|2029|221
4563310048142149|09|2029|160
4563310048118685|09|2029|403
4563310048154268|09|2029|946
4563310048199586|09|2029|652
4563310048107373|09|2029|308
4563310048180131|09|2029|366
4563310048102101|09|2029|073
4563310048162238|09|2029|087
4563310048178457|09|2029|032
4563310048117950|09|2029|128
4563310048137289|09|2029|993
4563310048149102|09|2029|468
4563310048182780|09|2029|047
4563310048179166|09|2029|072
4563310048182731|09|2029|331
4563310048178606|09|2029|264
4563310048143923|09|2029|939
4563310048135978|09|2029|952
4563310048175347|09|2029|265
4563310048183382|09|2029|369
4563310048192292|09|2029|242
4563310048118537|09|2029|225
4563310048195238|09|2029|348
4563310048190841|09|2029|251
4563310048127769|09|2029|614
4563310048193423|09|2029|144
4563310048110948|09|2029|165
4563310048140705|09|2029|743
4563310048193910|09|2029|230
4563310048117240|09|2029|508
4563310048180354|09|2029|583
4563310048136992|09|2029|979
4563310048158111|09|2029|224
4563310048192136|09|2029|693
4563310048172815|09|2029|710
4563310048109940|09|2029|235
4563310048160471|09|2029|355
4563310048140671|09|2029|940
4563310048159325|09|2029|489
4563310048152437|09|2029|489
4563310048102887|09|2029|852
4563310048134518|09|2029|394
4563310048195394|09|2029|460
4563310048138550|09|2029|796
4563310048137628|09|2029|078
4563310048113694|09|2029|105
4563310048155844|09|2029|743
4563310048190874|09|2029|767
4563310048192524|09|2029|372
4563310048114510|09|2029|932
4563310048138311|09|2029|486
4563310048108439|09|2029|097
4563310048105690|09|2029|871
4563310048103893|09|2029|032
4563310048143477|09|2029|629
4563310048179398|09|2029|535
4563310048199594|09|2029|531
4563310048175909|09|2029|991
4563310048195188|09|2029|553
4563310048185189|09|2029|559
4563310048105765|09|2029|096
4563310048146389|09|2029|000
4563310048118677|09|2029|496
4563310048112837|09|2029|084
4563310048166726|09|2029|463
4563310048142180|09|2029|818
4563310048122356|09|2029|811
4563310048168292|09|2029|338
4563310048169647|09|2029|739
4563310048180388|09|2029|566
4563310048157444|09|2029|038
4563310048161883|09|2029|381
4563310048133437|09|2029|937
4563310048190593|09|2029|898
4563310048162873|09|2029|534
4563310048150696|09|2029|122
4563310048149052|09|2029|377
4563310048147924|09|2029|094
4563310048116234|09|2029|957
4563310048112738|09|2029|541
4563310048117497|09|2029|148
4563310048118768|09|2029|806
4563310048117646|09|2029|805
4563310048115202|09|2029|071
4563310048184331|09|2029|926
4563310048185692|09|2029|831
4563310048106359|09|2029|173
4563310048155265|09|2029|207
4563310048122661|09|2029|718
4563310048196376|09|2029|790
4563310048184406|09|2029|440
4563310048152692|09|2029|652
4563310048195808|09|2029|838
4563310048155661|09|2029|537
4563310048197515|09|2029|512
4563310048167062|09|2029|716
4563310048169886|09|2029|004
4563310048126787|09|2029|915
4563310048127660|09|2029|031
4563310048191443|09|2029|101
4563310048168987|09|2029|491
4563310048191351|09|2029|507
4563310048161461|09|2029|441
4563310048156123|09|2029|192
4563310048157089|09|2029|631
4563310048117604|09|2029|030
4563310048118420|09|2029|070
4563310048104149|09|2029|387
4563310048163988|09|2029|203
4563310048149573|09|2029|594
4563310048186922|09|2029|852
4563310048164085|09|2029|342
4563310048188555|09|2029|446
4563310048125193|09|2029|203
4563310048113702|09|2029|986
4563310048152387|09|2029|146
4563310048125052|09|2029|676
4563310048163095|09|2029|751
4563310048120517|09|2029|223
4563310048198992|09|2029|504
4563310048155927|09|2029|948
4563310048121408|09|2029|787
4563310048138014|09|2029|861
4563310048130599|09|2029|148
4563310048123560|09|2029|619
4563310048198406|09|2029|864
4563310048147536|09|2029|862
4563310048127785|09|2029|282
4563310048114189|09|2029|570
4563310048196228|09|2029|673
4563310048128510|09|2029|275
4563310048188894|09|2029|528
4563310048117828|09|2029|513
4563310048134385|09|2029|824
4563310048102044|09|2029|341
4563310048160869|09|2029|385
4563310048197515|09|2029|617
4563310048160935|09|2029|084
4563310048135390|09|2029|426
4563310048124634|09|2029|923
4563310048116069|09|2029|493
4563310048133569|09|2029|065
4563310048116549|09|2029|604
4563310048188449|09|2029|924
4563310048101913|09|2029|777
4563310048111441|09|2029|839
4563310048115756|09|2029|711
4563310048164036|09|2029|815
4563310048143469|09|2029|799
4563310048141307|09|2029|758
4563310048123248|09|2029|863
4563310048180396|09|2029|406
4563310048171304|09|2029|198
4563310048102135|09|2029|258
4563310048128304|09|2029|634
4563310048120905|09|2029|369
4563310048169993|09|2029|277
4563310048194827|09|2029|663
4563310048147239|09|2029|677
4563310048199644|09|2029|939
4563310048199925|09|2029|424
4563310048115871|09|2029|441
4563310048154680|09|2029|995
4563310048187904|09|2029|198
4563310048110112|09|2029|493
4563310048161719|09|2029|316
4563310048148245|09|2029|720
4563310048155406|09|2029|527
4563310048113876|09|2029|328
4563310048118727|09|2029|951
4563310048151066|09|2029|844
4563310048103349|09|2029|393
4563310048186112|09|2029|361
4563310048112878|09|2029|607
4563310048164812|09|2029|032
4563310048167062|09|2029|922
4563310048115780|09|2029|003
4563310048146231|09|2029|466
4563310048121101|09|2029|907
4563310048193399|09|2029|367
4563310048193852|09|2029|537
4563310048101160|09|2029|973
4563310048124808|09|2029|025
4563310048197630|09|2029|990
4563310048167120|09|2029|908
4563310048162410|09|2029|229
4563310048116622|09|2029|146
4563310048160174|09|2029|087
4563310048107720|09|2029|241
4563310048112357|09|2029|750
4563310048193985|09|2029|986
4563310048122851|09|2029|665
4563310048144293|09|2029|897
4563310048150571|09|2029|824
4563310048140341|09|2029|075
4563310048172310|09|2029|734
4563310048140341|09|2029|041
4563310048160513|09|2029|433
4563310048137347|09|2029|136
4563310048128353|09|2029|345
4563310048196251|09|2029|988
4563310048124022|09|2029|711
4563310048162972|09|2029|942
4563310048115665|09|2029|169
4563310048144814|09|2029|424
4563310048109049|09|2029|161
4563310048168110|09|2029|426
4563310048189397|09|2029|289
4563310048178622|09|2029|467
4563310048192904|09|2029|135
4563310048177152|09|2029|155
4563310048177418|09|2029|085
4563310048176998|09|2029|600
4563310048129898|09|2029|921
4563310048155422|09|2029|050
4563310048148112|09|2029|388
4563310048153344|09|2029|351
4563310048102978|09|2029|224
4563310048160885|09|2029|283
4563310048109759|09|2029|637
4563310048191245|09|2029|912
4563310048198695|09|2029|789
4563310048157287|09|2029|656
4563310048163897|09|2029|164
4563310048181691|09|2029|453
4563310048135614|09|2029|552
4563310048135572|09|2029|486
4563310048159580|09|2029|946
4563310048122356|09|2029|308
4563310048172476|09|2029|757
4563310048143741|09|2029|999
4563310048131183|09|2029|243
4563310048170355|09|2029|190
4563310048127496|09|2029|331
4563310048198521|09|2029|194
4563310048115152|09|2029|787
4563310048176980|09|2029|364
4563310048198133|09|2029|188
4563310048106177|09|2029|660
4563310048187029|09|2029|990
4563310048118917|09|2029|360
4563310048124857|09|2029|901
4563310048175891|09|2029|719
4563310048108116|09|2029|332
4563310048179992|09|2029|187
4563310048184810|09|2029|983
4563310048149235|09|2029|577
4563310048178853|09|2029|360
4563310048109155|09|2029|503
4563310048119147|09|2029|871
4563310048108181|09|2029|737
4563310048105823|09|2029|623
4563310048168946|09|2029|631
4563310048168524|09|2029|672
4563310048161016|09|2029|752
4563310048163103|09|2029|757
4563310048188035|09|2029|520
4563310048186690|09|2029|946
4563310048151090|09|2029|160
4563310048155679|09|2029|064
4563310048194926|09|2029|159
4563310048184000|09|2029|833
4563310048143626|09|2029|684
4563310048164135|09|2029|819
4563310048189934|09|2029|009
4563310048114049|09|2029|304
4563310048175305|09|2029|474
4563310048181303|09|2029|882
4563310048126860|09|2029|148
4563310048129047|09|2029|293
4563310048197119|09|2029|075
4563310048135176|09|2029|281
4563310048189173|09|2029|175
4563310048182079|09|2029|502
4563310048173904|09|2029|993
4563310048162220|09|2029|740
4563310048177392|09|2029|650
4563310048189868|09|2029|521
4563310048147684|09|2029|599
4563310048171569|09|2029|316
4563310048189843|09|2029|746
4563310048195444|09|2029|224
4563310048144442|09|2029|138
4563310048106490|09|2029|407
4563310048132629|09|2029|177
4563310048143519|09|2029|074
4563310048166064|09|2029|380
4563310048168086|09|2029|169
4563310048136570|09|2029|250
4563310048148179|09|2029|555
4563310048187805|09|2029|237
4563310048120178|09|2029|203
4563310048190783|09|2029|414
4563310048151439|09|2029|000
4563310048173649|09|2029|197
4563310048188134|09|2029|024
4563310048126217|09|2029|215
4563310048127603|09|2029|433
4563310048149565|09|2029|841
4563310048167385|09|2029|823
4563310048120319|09|2029|014
4563310048135309|09|2029|476
4563310048162519|09|2029|858
4563310048127231|09|2029|903
4563310048158558|09|2029|480
4563310048189074|09|2029|041
4563310048150837|09|2029|587
4563310048173474|09|2029|214
4563310048164259|09|2029|488
4563310048148138|09|2029|209
4563310048146389|09|2029|705
4563310048121259|09|2029|263
4563310048166528|09|2029|847
4563310048186518|09|2029|800
4563310048142867|09|2029|723
4563310048158574|09|2029|506
4563310048163343|09|2029|177
4563310048182913|09|2029|239
4563310048120095|09|2029|999
4563310048143477|09|2029|030
4563310048117372|09|2029|913
4563310048160265|09|2029|523
4563310048162246|09|2029|869
4563310048151033|09|2029|067
4563310048197838|09|2029|538
4563310048186534|09|2029|817
4563310048166742|09|2029|361
4563310048196855|09|2029|438
4563310048135697|09|2029|605
4563310048162923|09|2029|853
4563310048154904|09|2029|311
4563310048195113|09|2029|794
4563310048171916|09|2029|177
4563310048134518|09|2029|907
4563310048195725|09|2029|344
4563310048155992|09|2029|628
4563310048177400|09|2029|777
4563310048105302|09|2029|654
4563310048168904|09|2029|080
4563310048157295|09|2029|216
4563310048136968|09|2029|922
4563310048149045|09|2029|895
4563310048162220|09|2029|054
4563310048192359|09|2029|314
4563310048107803|09|2029|314
4563310048193696|09|2029|819
4563310048122786|09|2029|716
4563310048132603|09|2029|265
4563310048111987|09|2029|589
4563310048111235|09|2029|676
4563310048178408|09|2029|371
4563310048131654|09|2029|128
4563310048133643|09|2029|465
4563310048135994|09|2029|783
4563310048164283|09|2029|742
4563310048169613|09|2029|147
4563310048141067|09|2029|108
4563310048191450|09|2029|392
4563310048106672|09|2029|121
4563310048146108|09|2029|674
4563310048129286|09|2029|817
4563310048117752|09|2029|701
4563310048137958|09|2029|230
4563310048142826|09|2029|548
4563310048119329|09|2029|256
4563310048128551|09|2029|817
4563310048195295|09|2029|651
4563310048197549|09|2029|852
4563310048181600|09|2029|767
4563310048186807|09|2029|969
4563310048106953|09|2029|487
4563310048140812|09|2029|298
4563310048141034|09|2029|940
4563310048108884|09|2029|733
4563310048171858|09|2029|782
4563310048190130|09|2029|575
4563310048130086|09|2029|403
4563310048119030|09|2029|615
4563310048151926|09|2029|449
4563310048179992|09|2029|540
4563310048160034|09|2029|331
4563310048143543|09|2029|230
4563310048105062|09|2029|864
4563310048138964|09|2029|827
4563310048156859|09|2029|877
4563310048137198|09|2029|641
4563310048115012|09|2029|759
4563310048121630|09|2029|776
4563310048193225|09|2029|118
4563310048110385|09|2029|993
4563310048129617|09|2029|811
4563310048119212|09|2029|272
4563310048198349|09|2029|590
4563310048122570|09|2029|670
4563310048144517|09|2029|494
4563310048102762|09|2029|021
4563310048148823|09|2029|626
4563310048148690|09|2029|588
4563310048141042|09|2029|251
4563310048137099|09|2029|634
4563310048170306|09|2029|192
4563310048175115|09|2029|915
4563310048158251|09|2029|969
4563310048141331|09|2029|858
4563310048182103|09|2029|580
4563310048139368|09|2029|520
4563310048192201|09|2029|077
4563310048118875|09|2029|838
4563310048186047|09|2029|871
4563310048187060|09|2029|513
4563310048112506|09|2029|655
4563310048169126|09|2029|984
4563310048143758|09|2029|718
4563310048139046|09|2029|257
4563310048106201|09|2029|830
4563310048161859|09|2029|526
4563310048131373|09|2029|086
4563310048170066|09|2029|331
4563310048182996|09|2029|212
4563310048186641|09|2029|390
4563310048171346|09|2029|180
4563310048179257|09|2029|999
4563310048136737|09|2029|414
4563310048125417|09|2029|189
4563310048119055|09|2029|829
4563310048102697|09|2029|805
4563310048168177|09|2029|314
4563310048149516|09|2029|213
4563310048198943|09|2029|348
4563310048149102|09|2029|567
4563310048149011|09|2029|411
4563310048145076|09|2029|353
4563310048192268|09|2029|650
4563310048190262|09|2029|854
4563310048182509|09|2029|836
4563310048172559|09|2029|025
4563310048191732|09|2029|883
4563310048103729|09|2029|249
4563310048131944|09|2029|650
4563310048197291|09|2029|942
4563310048194264|09|2029|574
4563310048170116|09|2029|833
4563310048109429|09|2029|171
4563310048122117|09|2029|050
4563310048195683|09|2029|704
4563310048150043|09|2029|228
4563310048107803|09|2029|352
4563310048100204|09|2029|011
4563310048171155|09|2029|119
4563310048171726|09|2029|473
4563310048176352|09|2029|371
4563310048179604|09|2029|201
4563310048104099|09|2029|375
4563310048178077|09|2029|462
4563310048173102|09|2029|117
4563310048162642|09|2029|481
4563310048130110|09|2029|502
4563310048194868|09|2029|618
4563310048127884|09|2029|370
4563310048189900|09|2029|098
4563310048111193|09|2029|562
4563310048108157|09|2029|378
4563310048152056|09|2029|839
4563310048120335|09|2029|177
4563310048188795|09|2029|365
4563310048125102|09|2029|679
4563310048196400|09|2029|513
4563310048105088|09|2029|439
4563310048197085|09|2029|763
4563310048150423|09|2029|012
4563310048111664|09|2029|197
4563310048187730|09|2029|518
4563310048199677|09|2029|243
4563310048159259|09|2029|953
4563310048182038|09|2029|482
4563310048193944|09|2029|247
4563310048140317|09|2029|659
4563310048114155|09|2029|690
4563310048165173|09|2029|917
4563310048158178|09|2029|952
4563310048109106|09|2029|282
4563310048105450|09|2029|434
4563310048138311|09|2029|616
4563310048149250|09|2029|321
4563310048192656|09|2029|323
4563310048105435|09|2029|789
4563310048136018|09|2029|234
4563310048121382|09|2029|598
4563310048108769|09|2029|486
4563310048172021|09|2029|039
4563310048181840|09|2029|545
4563310048183077|09|2029|645
4563310048134591|09|2029|011
4563310048121440|09|2029|153
4563310048150159|09|2029|223
4563310048163376|09|2029|727
4563310048146140|09|2029|258
4563310048198745|09|2029|563
4563310048193258|09|2029|280
4563310048149250|09|2029|002
4563310048103950|09|2029|666
4563310048114924|09|2029|703
4563310048195261|09|2029|453
4563310048110849|09|2029|049
4563310048199081|09|2029|569
4563310048195469|09|2029|287
4563310048182616|09|2029|638
4563310048156917|09|2029|387
4563310048143683|09|2029|388
4563310048147981|09|2029|269
4563310048179596|09|2029|264
4563310048157907|09|2029|039
4563310048189926|09|2029|878
4563310048169340|09|2029|446
4563310048129690|09|2029|181
4563310048105609|09|2029|215
4563310048184679|09|2029|344
4563310048158764|09|2029|919
4563310048124642|09|2029|113
4563310048115574|09|2029|115
4563310048130110|09|2029|804
4563310048196822|09|2029|951
4563310048113074|09|2029|970
4563310048184505|09|2029|791
4563310048135713|09|2029|784
4563310048162345|09|2029|673
4563310048171833|09|2029|796
4563310048166072|09|2029|696
4563310048189041|09|2029|732
4563310048125979|09|2029|333
4563310048115533|09|2029|383
4563310048192169|09|2029|359
4563310048175461|09|2029|891
4563310048111318|09|2029|288
4563310048168151|09|2029|911
4563310048176295|09|2029|233
4563310048172724|09|2029|767
4563310048198976|09|2029|772
4563310048109866|09|2029|670
4563310048145829|09|2029|115
4563310048151074|09|2029|155
4563310048108595|09|2029|455
4563310048120202|09|2029|250
4563310048172914|09|2029|269
4563310048117430|09|2029|378
4563310048159028|09|2029|652
4563310048172815|09|2029|494
4563310048187789|09|2029|685
4563310048101665|09|2029|472
4563310048109908|09|2029|666
4563310048109213|09|2029|887
4563310048174985|09|2029|196
4563310048190130|09|2029|364
4563310048160331|09|2029|947
4563310048120673|09|2029|200
4563310048184828|09|2029|854
4563310048128577|09|2029|545
4563310048134377|09|2029|791
4563310048168003|09|2029|322
4563310048137479|09|2029|804
4563310048130185|09|2029|254
4563310048136711|09|2029|048
4563310048125920|09|2029|701
4563310048167559|09|2029|605
4563310048174712|09|2029|281
4563310048136794|09|2029|174
4563310048110930|09|2029|907
4563310048183085|09|2029|585
4563310048170926|09|2029|098
4563310048102549|09|2029|935
4563310048109270|09|2029|707
4563310048107407|09|2029|847
4563310048197580|09|2029|074
4563310048171130|09|2029|508
4563310048103752|09|2029|235
4563310048153724|09|2029|855
4563310048170009|09|2029|831
4563310048169571|09|2029|203
4563310048169480|09|2029|062
4563310048191906|09|2029|971
4563310048186252|09|2029|059
4563310048107878|09|2029|282
4563310048188688|09|2029|798
4563310048127538|09|2029|022
4563310048183846|09|2029|296
4563310048143337|09|2029|010
4563310048130458|09|2029|311
4563310048130003|09|2029|262
4563310048148112|09|2029|954
4563310048122299|09|2029|067
4563310048182459|09|2029|317
4563310048194793|09|2029|905
4563310048146488|09|2029|357
4563310048177939|09|2029|609
4563310048149292|09|2029|153
4563310048112985|09|2029|151
4563310048165439|09|2029|050
4563310048128908|09|2029|392
4563310048130623|09|2029|376
4563310048131563|09|2029|734
4563310048170249|09|2029|504
4563310048166064|09|2029|673
4563310048100899|09|2029|130
4563310048128353|09|2029|562
4563310048188423|09|2029|414
4563310048134518|09|2029|215
4563310048112027|09|2029|186
4563310048108090|09|2029|091
4563310048132819|09|2029|512
4563310048138501|09|2029|576
4563310048134690|09|2029|728
4563310048189264|09|2029|006
4563310048171387|09|2029|223
4563310048139400|09|2029|588
4563310048143907|09|2029|059
4563310048122414|09|2029|841
4563310048140911|09|2029|416
4563310048117752|09|2029|751
4563310048166551|09|2029|392
4563310048187698|09|2029|015
4563310048124139|09|2029|275
4563310048130789|09|2029|629
4563310048147999|09|2029|148
4563310048195170|09|2029|844
4563310048168839|09|2029|318
4563310048130771|09|2029|313
4563310048144376|09|2029|879
4563310048196079|09|2029|200
4563310048187672|09|2029|140
4563310048145357|09|2029|699
4563310048108561|09|2029|725
4563310048198885|09|2029|805
4563310048149391|09|2029|133
4563310048129393|09|2029|368
4563310048162196|09|2029|320
4563310048110666|09|2029|130
4563310048135192|09|2029|016
4563310048110070|09|2029|849
4563310048182509|09|2029|057
4563310048131274|09|2029|833
4563310048121564|09|2029|838
4563310048157295|09|2029|120
4563310048171486|09|2029|803
4563310048115202|09|2029|582
4563310048167161|09|2029|835
4563310048142545|09|2029|012
4563310048155885|09|2029|702
4563310048188894|09|2029|740
4563310048121564|09|2029|039
4563310048144194|09|2029|141
4563310048116580|09|2029|394
4563310048100048|09|2029|079
4563310048113207|09|2029|673
4563310048140044|09|2029|734
4563310048158129|09|2029|094
4563310048121192|09|2029|515
4563310048121986|09|2029|582
4563310048132769|09|2029|385
4563310048175354|09|2029|501
4563310048123297|09|2029|454
4563310048182798|09|2029|690
4563310048138659|09|2029|485
4563310048109312|09|2029|892
4563310048143386|09|2029|025
4563310048112845|09|2029|039
4563310048121796|09|2029|301
4563310048138725|09|2029|869
4563310048126571|09|2029|307
4563310048131191|09|2029|282
4563310048140259|09|2029|788
4563310048143733|09|2029|495
4563310048110575|09|2029|158
4563310048128858|09|2029|590
4563310048159903|09|2029|295
4563310048133460|09|2029|648
4563310048184331|09|2029|981
4563310048154151|09|2029|979
4563310048145019|09|2029|511
4563310048108728|09|2029|439
4563310048168037|09|2029|070
4563310048114312|09|2029|768
4563310048172229|09|2029|894
4563310048182202|09|2029|438
4563310048180453|09|2029|699
4563310048126142|09|2029|341
4563310048176642|09|2029|080
4563310048121481|09|2029|685
4563310048109957|09|2029|515
4563310048141901|09|2029|088
4563310048129039|09|2029|575
4563310048142552|09|2029|767
4563310048166288|09|2029|790
4563310048149227|09|2029|539
4563310048182517|09|2029|767
4563310048177061|09|2029|848
4563310048193522|09|2029|792
4563310048153419|09|2029|251
4563310048141802|09|2029|672
4563310048116804|09|2029|742
4563310048176899|09|2029|889
4563310048198380|09|2029|156
4563310048188423|09|2029|508
4563310048192821|09|2029|967
4563310048147049|09|2029|053
4563310048179547|09|2029|694
4563310048195972|09|2029|364
4563310048170389|09|2029|093
4563310048139061|09|2029|886
4563310048154698|09|2029|115
4563310048181329|09|2029|448
4563310048196723|09|2029|415
4563310048119931|09|2029|023
4563310048170157|09|2029|400
4563310048168698|09|2029|866
4563310048124709|09|2029|216
4563310048153815|09|2029|860
4563310048168466|09|2029|133
4563310048192821|09|2029|453
4563310048141703|09|2029|639
4563310048148450|09|2029|583
4563310048141927|09|2029|400
4563310048156800|09|2029|185
4563310048184174|09|2029|474
4563310048178036|09|2029|178
4563310048151751|09|2029|658
4563310048171015|09|2029|102
4563310048159259|09|2029|334
4563310048117091|09|2029|981
4563310048180370|09|2029|059
4563310048156198|09|2029|873
4563310048128478|09|2029|247
4563310048135465|09|2029|100
4563310048144426|09|2029|486
4563310048155497|09|2029|966
4563310048133684|09|2029|474
4563310048176097|09|2029|055
4563310048115343|09|2029|087
4563310048112308|09|2029|793
4563310048198968|09|2029|988
4563310048146520|09|2029|108
4563310048148732|09|2029|805
4563310048121218|09|2029|378
4563310048116036|09|2029|713
4563310048156743|09|2029|175
4563310048171429|09|2029|888
4563310048195881|09|2029|694
4563310048153245|09|2029|336
4563310048135721|09|2029|338
4563310048133205|09|2029|650
4563310048145035|09|2029|388
4563310048197903|09|2029|967
4563310048143972|09|2029|519
4563310048156719|09|2029|286
4563310048172468|09|2029|191
4563310048185148|09|2029|162
4563310048160679|09|2029|842
4563310048176444|09|2029|763
4563310048194363|09|2029|102
4563310048110765|09|2029|979
4563310048121754|09|2029|635
4563310048142289|09|2029|732
4563310048182186|09|2029|337
4563310048177392|09|2029|076
4563310048102010|09|2029|083
4563310048199917|09|2029|852
4563310048134633|09|2029|483
4563310048105849|09|2029|375
4563310048131068|09|2029|988
4563310048124162|09|2029|625
4563310048189454|09|2029|702
4563310048172096|09|2029|863
4563310048124519|09|2029|444
4563310048106151|09|2029|749
4563310048143477|09|2029|131
4563310048168219|09|2029|162
4563310048196194|09|2029|952
4563310048107472|09|2029|768
4563310048123164|09|2029|142
4563310048169720|09|2029|783
4563310048148542|09|2029|597
4563310048134518|09|2029|001
4563310048192854|09|2029|157
4563310048161834|09|2029|292
4563310048106953|09|2029|666
4563310048187508|09|2029|856
4563310048152353|09|2029|084
4563310048141836|09|2029|536
4563310048143816|09|2029|830
4563310048142743|09|2029|968
4563310048182228|09|2029|895
4563310048169977|09|2029|691
4563310048144095|09|2029|503
4563310048199404|09|2029|929
4563310048186708|09|2029|231
4563310048194876|09|2029|859
4563310048111151|09|2029|731
4563310048179778|09|2029|534
4563310048135101|09|2029|504
4563310048198992|09|2029|205
4563310048118669|09|2029|261
4563310048168334|09|2029|615
4563310048113124|09|2029|532
4563310048103083|09|2029|944
4563310048142578|09|2029|253
4563310048173649|09|2029|574
4563310048152684|09|2029|067
4563310048116390|09|2029|413
4563310048118628|09|2029|245
4563310048180057|09|2029|550
4563310048187086|09|2029|359
4563310048167864|09|2029|739
4563310048180339|09|2029|843
4563310048120657|09|2029|966
4563310048102515|09|2029|443
4563310048110716|09|2029|294
4563310048105161|09|2029|094
4563310048141869|09|2029|342
4563310048140119|09|2029|395
4563310048164564|09|2029|675
4563310048175883|09|2029|210
4563310048162014|09|2029|725
4563310048135408|09|2029|738
4563310048168193|09|2029|395
4563310048138980|09|2029|909
4563310048198646|09|2029|863
4563310048188829|09|2029|011
4563310048124337|09|2029|375
4563310048187961|09|2029|391
4563310048117299|09|2029|460
4563310048174357|09|2029|383
4563310048127850|09|2029|603
4563310048133544|09|2029|551
4563310048170363|09|2029|505
4563310048130219|09|2029|251
4563310048162600|09|2029|819
4563310048149136|09|2029|590
4563310048148369|09|2029|505
4563310048158418|09|2029|281
4563310048111045|09|2029|052
4563310048104008|09|2029|758
4563310048127223|09|2029|238
4563310048105591|09|2029|727
4563310048141307|09|2029|246
4563310048179158|09|2029|120
4563310048111508|09|2029|132
4563310048165884|09|2029|859
4563310048112407|09|2029|285
4563310048156040|09|2029|576
4563310048132165|09|2029|677
4563310048169936|09|2029|534
4563310048100691|09|2029|344
4563310048127819|09|2029|806
4563310048100840|09|2029|271
4563310048105211|09|2029|658
4563310048129617|09|2029|626
4563310048152510|09|2029|082
4563310048143576|09|2029|953
4563310048145217|09|2029|942
4563310048146504|09|2029|784
4563310048157402|09|2029|630
4563310048146264|09|2029|204
4563310048161990|09|2029|278
4563310048102473|09|2029|387
4563310048193423|09|2029|862
4563310048144863|09|2029|908
4563310048179844|09|2029|443
4563310048102838|09|2029|917
4563310048136083|09|2029|347
4563310048197317|09|2029|783
4563310048154821|09|2029|514
4563310048145126|09|2029|784
4563310048189991|09|2029|272
4563310048111615|09|2029|031
4563310048161792|09|2029|295
4563310048180453|09|2029|770
4563310048157311|09|2029|451
4563310048192292|09|2029|180
4563310048156933|09|2029|835
4563310048110914|09|2029|789
4563310048129310|09|2029|863
4563310048165066|09|2029|942
4563310048104404|09|2029|669
4563310048130383|09|2029|541
4563310048155760|09|2029|916
4563310048151041|09|2029|363
4563310048122125|09|2029|534
4563310048151355|09|2029|467
4563310048130615|09|2029|373
4563310048171106|09|2029|993
4563310048113041|09|2029|086
4563310048107530|09|2029|445
4563310048102028|09|2029|575
4563310048100725|09|2029|175
4563310048116655|09|2029|097
4563310048172526|09|2029|023
4563310048196160|09|2029|615
4563310048185650|09|2029|301
4563310048109122|09|2029|926
4563310048117323|09|2029|583
4563310048167088|09|2029|727
4563310048152023|09|2029|296
4563310048167807|09|2029|014
4563310048121044|09|2029|458
4563310048176840|09|2029|024
4563310048182814|09|2029|601
4563310048124824|09|2029|362
4563310048127652|09|2029|260
4563310048150274|09|2029|781
4563310048130599|09|2029|628
4563310048135416|09|2029|662
4563310048183853|09|2029|512
4563310048141299|09|2029|671
4563310048164366|09|2029|718
4563310048142941|09|2029|388
4563310048106656|09|2029|717
4563310048125763|09|2029|584
4563310048197705|09|2029|484
4563310048178366|09|2029|913
4563310048109965|09|2029|275
4563310048187813|09|2029|011
4563310048130235|09|2029|951
4563310048176535|09|2029|143
4563310048117315|09|2029|904
4563310048153195|09|2029|854
4563310048157055|09|2029|112
4563310048106375|09|2029|929
4563310048117281|09|2029|600
4563310048168664|09|2029|930
4563310048179448|09|2029|187
4563310048119014|09|2029|299
4563310048183341|09|2029|533
4563310048138121|09|2029|971
4563310048114403|09|2029|518
4563310048115517|09|2029|821
4563310048141174|09|2029|046
4563310048167294|09|2029|285
4563310048175495|09|2029|250
4563310048130995|09|2029|860
4563310048189736|09|2029|535
4563310048153989|09|2029|606
4563310048133619|09|2029|298
4563310048191880|09|2029|604
4563310048173565|09|2029|064
4563310048107969|09|2029|036
4563310048121598|09|2029|652
4563310048181170|09|2029|337
4563310048141240|09|2029|867
4563310048178069|09|2029|214
4563310048120251|09|2029|437
4563310048157071|09|2029|889
4563310048117521|09|2029|144
4563310048176139|09|2029|813
4563310048158418|09|2029|549
4563310048162071|09|2029|643
4563310048134765|09|2029|680
4563310048133833|09|2029|385
4563310048199990|09|2029|587
4563310048107050|09|2029|151
4563310048170736|09|2029|762
4563310048169431|09|2029|753
4563310048112787|09|2029|070
4563310048186492|09|2029|550
4563310048185593|09|2029|502
4563310048105245|09|2029|650
4563310048143634|09|2029|183
4563310048138436|09|2029|793
4563310048144939|09|2029|762
4563310048176162|09|2029|783
4563310048147676|09|2029|926
4563310048179349|09|2029|590
4563310048133288|09|2029|865
4563310048156198|09|2029|278
4563310048102499|09|2029|593
4563310048182202|09|2029|300
4563310048186674|09|2029|956
4563310048175222|09|2029|134
4563310048189702|09|2029|796
4563310048169068|09|2029|812
4563310048120418|09|2029|726
4563310048128494|09|2029|639
4563310048117927|09|2029|289
4563310048167153|09|2029|090
4563310048184539|09|2029|493
4563310048119915|09|2029|079
4563310048178325|09|2029|148
4563310048164572|09|2029|248
4563310048182749|09|2029|635
4563310048164028|09|2029|827
4563310048134773|09|2029|766
4563310048116481|09|2029|537
4563310048107266|09|2029|024
4563310048166429|09|2029|861
4563310048166155|09|2029|266
4563310048101582|09|2029|959
4563310048132629|09|2029|008
4563310048100774|09|2029|246
4563310048196046|09|2029|013
4563310048100451|09|2029|636
4563310048140192|09|2029|055
4563310048149953|09|2029|456
4563310048118271|09|2029|888
4563310048158046|09|2029|478
4563310048174720|09|2029|117
4563310048142008|09|2029|728
4563310048148880|09|2029|818
4563310048147759|09|2029|047
4563310048134450|09|2029|706
4563310048160364|09|2029|325
4563310048174886|09|2029|242
4563310048192995|09|2029|258
4563310048188613|09|2029|322
4563310048162782|09|2029|161
4563310048110690|09|2029|457
4563310048144756|09|2029|104
4563310048132132|09|2029|728
4563310048182954|09|2029|390
4563310048148864|09|2029|387
4563310048108785|09|2029|688
4563310048190635|09|2029|022
4563310048173227|09|2029|592
4563310048164267|09|2029|216
4563310048127710|09|2029|745
4563310048133726|09|2029|812
4563310048100659|09|2029|251
4563310048176501|09|2029|918
4563310048171569|09|2029|623
4563310048163814|09|2029|099
4563310048116028|09|2029|569
4563310048198828|09|2029|364
4563310048146025|09|2029|481
4563310048112449|09|2029|432
4563310048117711|09|2029|306
4563310048178275|09|2029|563
4563310048137875|09|2029|323
4563310048151595|09|2029|337
4563310048106110|09|2029|486
4563310048191369|09|2029|894
4563310048173672|09|2029|116
4563310048165280|09|2029|316
4563310048162147|09|2029|778
4563310048115137|09|2029|738
4563310048191146|09|2029|383
4563310048131118|09|2029|929
4563310048112415|09|2029|178
4563310048172427|09|2029|591
4563310048127611|09|2029|051
4563310048100816|09|2029|285
4563310048142743|09|2029|252
4563310048128585|09|2029|187
4563310048126332|09|2029|982
4563310048199800|09|2029|850
4563310048169803|09|2029|468
4563310048187276|09|2029|456
4563310048151876|09|2029|897
4563310048156438|09|2029|912
4563310048153708|09|2029|346
4563310048162089|09|2029|768
4563310048134278|09|2029|946
4563310048105146|09|2029|969
4563310048114973|09|2029|225
4563310048114403|09|2029|411
4563310048166247|09|2029|964
4563310048171734|09|2029|236
4563310048132132|09|2029|882
4563310048179315|09|2029|269
4563310048143840|09|2029|391
4563310048102333|09|2029|615
4563310048125946|09|2029|798
4563310048164994|09|2029|359
4563310048152452|09|2029|314
4563310048155737|09|2029|743
4563310048130953|09|2029|918
4563310048157774|09|2029|871
4563310048168169|09|2029|811
4563310048170827|09|2029|949
4563310048193225|09|2029|023
4563310048117901|09|2029|975
4563310048191302|09|2029|369
4563310048155612|09|2029|742
4563310048111151|09|2029|544
4563310048132991|09|2029|924
4563310048119501|09|2029|851
4563310048109312|09|2029|418
4563310048108017|09|2029|768
4563310048131951|09|2029|168
4563310048122042|09|2029|949
4563310048120830|09|2029|080
4563310048145563|09|2029|319
4563310048165272|09|2029|245
4563310048134104|09|2029|454
4563310048194942|09|2029|804
4563310048186153|09|2029|149
4563310048148211|09|2029|862
4563310048151926|09|2029|509
4563310048138246|09|2029|151
4563310048174191|09|2029|604
4563310048131167|09|2029|653
4563310048141307|09|2029|540
4563310048102085|09|2029|390
4563310048170546|09|2029|205
4563310048185973|09|2029|046
4563310048155869|09|2029|940
4563310048146827|09|2029|576
4563310048172211|09|2029|385
4563310048198828|09|2029|919
4563310048156370|09|2029|635
4563310048162444|09|2029|584
4563310048190742|09|2029|965
4563310048133478|09|2029|690
4563310048113645|09|2029|162
4563310048198463|09|2029|132
4563310048105625|09|2029|084
4563310048196442|09|2029|900
4563310048168037|09|2029|270
4563310048155133|09|2029|855
4563310048161610|09|2029|609
4563310048190627|09|2029|024
4563310048150902|09|2029|309
4563310048143881|09|2029|751
4563310048110187|09|2029|230
4563310048198968|09|2029|469
4563310048195014|09|2029|607
4563310048153393|09|2029|411
4563310048113405|09|2029|833
4563310048102747|09|2029|024
4563310048183671|09|2029|735
4563310048191443|09|2029|547
4563310048135499|09|2029|001
4563310048147262|09|2029|800
4563310048101095|09|2029|054
4563310048111151|09|2029|929
4563310048168243|09|2029|052
4563310048152973|09|2029|107
4563310048130482|09|2029|170
4563310048154425|09|2029|519
4563310048198919|09|2029|576
4563310048164127|09|2029|770
4563310048118255|09|2029|998
4563310048110583|09|2029|198
4563310048115822|09|2029|492
4563310048166965|09|2029|067
4563310048142834|09|2029|772
4563310048194520|09|2029|774
4563310048143634|09|2029|365
4563310048190783|09|2029|559
4563310048121119|09|2029|651
4563310048145910|09|2029|335
4563310048107894|09|2029|858
4563310048112787|09|2029|392
4563310048124717|09|2029|812
4563310048180255|09|2029|937
4563310048120475|09|2029|560
4563310048119832|09|2029|507
4563310048106904|09|2029|827
4563310048153492|09|2029|880
4563310048199503|09|2029|765
4563310048138014|09|2029|327
4563310048182681|09|2029|532
4563310048198323|09|2029|844
4563310048169456|09|2029|320
4563310048154342|09|2029|630
4563310048164903|09|2029|151
4563310048180990|09|2029|633
4563310048140242|09|2029|322
4563310048132421|09|2029|545
4563310048198497|09|2029|839
4563310048159762|09|2029|516
4563310048157154|09|2029|501
4563310048162550|09|2029|839
4563310048133528|09|2029|243
4563310048140580|09|2029|374
4563310048124238|09|2029|278
4563310048162071|09|2029|642
4563310048177764|09|2029|737
4563310048106003|09|2029|287
4563310048189363|09|2029|077
4563310048107860|09|2029|526
4563310048184430|09|2029|426
4563310048112555|09|2029|440
4563310048132140|09|2029|174
4563310048114882|09|2029|522
4563310048184059|09|2029|857
4563310048140424|09|2029|445
4563310048114809|09|2029|402
4563310048156735|09|2029|135
4563310048124329|09|2029|967
4563310048107043|09|2029|196
4563310048175768|09|2029|059
4563310048124329|09|2029|606
4563310048136786|09|2029|343
4563310048177996|09|2029|770
4563310048183580|09|2029|266
4563310048167443|09|2029|024
4563310048191062|09|2029|251
4563310048115152|09|2029|951
4563310048191534|09|2029|579
4563310048104263|09|2029|999
4563310048132967|09|2029|138
4563310048132041|09|2029|593
4563310048182236|09|2029|870
4563310048138378|09|2029|826
4563310048117505|09|2029|191
4563310048115723|09|2029|928
4563310048198489|09|2029|313
4563310048193837|09|2029|448
4563310048176253|09|2029|790
4563310048136760|09|2029|695
4563310048139574|09|2029|193
4563310048165785|09|2029|490
4563310048104065|09|2029|005
4563310048125581|09|2029|713
4563310048162808|09|2029|733
4563310048156636|09|2029|103
4563310048147239|09|2029|599
4563310048148765|09|2029|668
4563310048137925|09|2029|691
4563310048169969|09|2029|037
4563310048136562|09|2029|019
4563310048117935|09|2029|843
4563310048114098|09|2029|370
4563310048132728|09|2029|496
4563310048112720|09|2029|999
4563310048106342|09|2029|968
4563310048131209|09|2029|336
4563310048188902|09|2029|400
4563310048195873|09|2029|707
4563310048129070|09|2029|422
4563310048120434|09|2029|755
4563310048185379|09|2029|016
4563310048104412|09|2029|928
4563310048150746|09|2029|375
4563310048160281|09|2029|056
4563310048121499|09|2029|066
4563310048159671|09|2029|298
4563310048105765|09|2029|735
4563310048186583|09|2029|518
4563310048198927|09|2029|828
4563310048168425|09|2029|792
4563310048110807|09|2029|497
4563310048114817|09|2029|939
4563310048176857|09|2029|406
4563310048121408|09|2029|232
4563310048194629|09|2029|551
4563310048173532|09|2029|646
4563310048101889|09|2029|115
4563310048168169|09|2029|388
4563310048121713|09|2029|391
4563310048125128|09|2029|825
4563310048103653|09|2029|341
4563310048179380|09|2029|955
4563310048165843|09|2029|358
4563310048100873|09|2029|280
4563310048177087|09|2029|864
4563310048177863|09|2029|328
4563310048129112|09|2029|113
4563310048150647|09|2029|035
4563310048186898|09|2029|531
4563310048106623|09|2029|862
4563310048179414|09|2029|705
4563310048100972|09|2029|721
4563310048115418|09|2029|684
4563310048175149|09|2029|549
4563310048179661|09|2029|570
4563310048181352|09|2029|261
4563310048164614|09|2029|203
4563310048156040|09|2029|549
4563310048108801|09|2029|284
4563310048151256|09|2029|001
4563310048158483|09|2029|364
4563310048183846|09|2029|840
4563310048121135|09|2029|485
4563310048150753|09|2029|165
4563310048168896|09|2029|037
4563310048165017|09|2029|796
4563310048124295|09|2029|011
4563310048131316|09|2029|639
4563310048114809|09|2029|620
4563310048129765|09|2029|705
4563310048185627|09|2029|940
4563310048163459|09|2029|989
4563310048148203|09|2029|170
4563310048185841|09|2029|089
4563310048144681|09|2029|193
4563310048110492|09|2029|789
4563310048173102|09|2029|571
4563310048189835|09|2029|723
4563310048111961|09|2029|799
4563310048100212|09|2029|457
4563310048136232|09|2029|266
4563310048110732|09|2029|280
4563310048114049|09|2029|707
4563310048179356|09|2029|414
4563310048177285|09|2029|358
4563310048118099|09|2029|217
4563310048114015|09|2029|639
4563310048193274|09|2029|606
4563310048158467|09|2029|678
4563310048152171|09|2029|547
4563310048119873|09|2029|476
4563310048197887|09|2029|162
4563310048178432|09|2029|894
4563310048186765|09|2029|078
4563310048133551|09|2029|473
4563310048160604|09|2029|102
4563310048108256|09|2029|738
4563310048126621|09|2029|085
4563310048156776|09|2029|644
4563310048196285|09|2029|551
4563310048155281|09|2029|593
4563310048176428|09|2029|884
4563310048128866|09|2029|272
4563310048187920|09|2029|769
4563310048127298|09|2029|051
4563310048118099|09|2029|285
4563310048124170|09|2029|255
4563310048118420|09|2029|315
4563310048101467|09|2029|920
4563310048182103|09|2029|653
4563310048152767|09|2029|570
4563310048129880|09|2029|189
4563310048136794|09|2029|246
4563310048119675|09|2029|511
4563310048133924|09|2029|017
4563310048101848|09|2029|790
4563310048161305|09|2029|003
4563310048105815|09|2029|171
4563310048180677|09|2029|050
4563310048145589|09|2029|811
4563310048103570|09|2029|629
4563310048118123|09|2029|589
4563310048140630|09|2029|037
4563310048180826|09|2029|243
4563310048196319|09|2029|783
4563310048124188|09|2029|254
4563310048181832|09|2029|966
4563310048121929|09|2029|688
4563310048193167|09|2029|615
4563310048113041|09|2029|432
4563310048117141|09|2029|187
4563310048187516|09|2029|350
4563310048150753|09|2029|394
4563310048152783|09|2029|365
4563310048122869|09|2029|505
4563310048149565|09|2029|276
4563310048132868|09|2029|482
4563310048163590|09|2029|919
4563310048188340|09|2029|961
4563310048170256|09|2029|874
4563310048146546|09|2029|010
4563310048113579|09|2029|233
4563310048155539|09|2029|797
4563310048122364|09|2029|049
4563310048187177|09|2029|302
4563310048116317|09|2029|624
4563310048197556|09|2029|292
4563310048111623|09|2029|873
4563310048113181|09|2029|558
4563310048119774|09|2029|488
4563310048178911|09|2029|356
4563310048159796|09|2029|719
4563310048187060|09|2029|082
4563310048149300|09|2029|651
4563310048149144|09|2029|915
4563310048199867|09|2029|626
4563310048108124|09|2029|642
4563310048145290|09|2029|984
4563310048122331|09|2029|130
4563310048174779|09|2029|554
4563310048176949|09|2029|790
4563310048141216|09|2029|888
4563310048158954|09|2029|855
4563310048197085|09|2029|493
4563310048184471|09|2029|607
4563310048144129|09|2029|672
4563310048193613|09|2029|478
4563310048148104|09|2029|972
4563310048188167|09|2029|379
4563310048142933|09|2029|582
4563310048109957|09|2029|948
4563310048162634|09|2029|663
4563310048153377|09|2029|993
4563310048170009|09|2029|329
4563310048166056|09|2029|947
4563310048190064|09|2029|587
4563310048151454|09|2029|907
4563310048197945|09|2029|330
4563310048108447|09|2029|447
4563310048167534|09|2029|118
4563310048185742|09|2029|701
4563310048199479|09|2029|453
4563310048118362|09|2029|868
4563310048104446|09|2029|161
4563310048172336|09|2029|020
4563310048180255|09|2029|427
4563310048123859|09|2029|673
4563310048101384|09|2029|389
4563310048140754|09|2029|768
4563310048131373|09|2029|409
4563310048148872|09|2029|747
4563310048127967|09|2029|659
4563310048138501|09|2029|952
4563310048187961|09|2029|912
4563310048150027|09|2029|224
4563310048144830|09|2029|973
4563310048188860|09|2029|584
4563310048102747|09|2029|368
4563310048133627|09|2029|682
4563310048135911|09|2029|263
4563310048129518|09|2029|270
4563310048153369|09|2029|138
4563310048186641|09|2029|659
4563310048135119|09|2029|521
4563310048126886|09|2029|591
4563310048199271|09|2029|418
4563310048121879|09|2029|439
4563310048101541|09|2029|617
4563310048140507|09|2029|746
4563310048149854|09|2029|700
4563310048121150|09|2029|376
4563310048169894|09|2029|403
4563310048139392|09|2029|484
4563310048195105|09|2029|527
4563310048199495|09|2029|772
4563310048110518|09|2029|330
4563310048194801|09|2029|185
4563310048195329|09|2029|097
4563310048149086|09|2029|489
4563310048182343|09|2029|473
4563310048131803|09|2029|181
4563310048112704|09|2029|891
4563310048180701|09|2029|534
4563310048146918|09|2029|786
4563310048134831|09|2029|168
4563310048137040|09|2029|583
4563310048106664|09|2029|994
4563310048134369|09|2029|996
4563310048190304|09|2029|236
4563310048152650|09|2029|536
4563310048103224|09|2029|726
4563310048137313|09|2029|824
4563310048147957|09|2029|321
4563310048130185|09|2029|132
4563310048197176|09|2029|120
4563310048145704|09|2029|057
4563310048188290|09|2029|836
4563310048186674|09|2029|684
4563310048193340|09|2029|842
4563310048178515|09|2029|062
4563310048183036|09|2029|983
4563310048196020|09|2029|507
4563310048163079|09|2029|029
4563310048160984|09|2029|099
4563310048192086|09|2029|077
4563310048102804|09|2029|249
4563310048162048|09|2029|685
4563310048142552|09|2029|228
4563310048109502|09|2029|420
4563310048124816|09|2029|217
4563310048114551|09|2029|119
4563310048163038|09|2029|226
4563310048143527|09|2029|009
4563310048134583|09|2029|521
4563310048150555|09|2029|929
4563310048195337|09|2029|829
4563310048189348|09|2029|835
4563310048180859|09|2029|068
4563310048161271|09|2029|854
4563310048152478|09|2029|252
4563310048122380|09|2029|060
4563310048146322|09|2029|793
4563310048152825|09|2029|175
4563310048176345|09|2029|781
4563310048188969|09|2029|838
4563310048194371|09|2029|243
4563310048171304|09|2029|724
4563310048199578|09|2029|231
4563310048138733|09|2029|703
4563310048117984|09|2029|961
4563310048129567|09|2029|704
4563310048104321|09|2029|824
4563310048118578|09|2029|389
4563310048155927|09|2029|544
4563310048156065|09|2029|634
4563310048174431|09|2029|613
4563310048199651|09|2029|124
4563310048118107|09|2029|160
4563310048132793|09|2029|391
4563310048102176|09|2029|028
4563310048164572|09|2029|922
4563310048120947|09|2029|160
4563310048171064|09|2029|489
4563310048161172|09|2029|220
4563310048183630|09|2029|163
4563310048101236|09|2029|244
4563310048160091|09|2029|634
4563310048104263|09|2029|329
4563310048101319|09|2029|579
4563310048180230|09|2029|821
4563310048186310|09|2029|636
4563310048175818|09|2029|858
4563310048141083|09|2029|117
4563310048181261|09|2029|988
4563310048109551|09|2029|094
4563310048193605|09|2029|322
4563310048176972|09|2029|680
4563310048104172|09|2029|800
4563310048114528|09|2029|101
4563310048149946|09|2029|450
4563310048102192|09|2029|235
4563310048124758|09|2029|235
4563310048120426|09|2029|600
4563310048134740|09|2029|327
4563310048119451|09|2029|789
4563310048125995|09|2029|593
4563310048174431|09|2029|006
4563310048163699|09|2029|756
4563310048161909|09|2029|734
4563310048133940|09|2029|345
4563310048124808|09|2029|931
4563310048174837|09|2029|405
4563310048103265|09|2029|530
4563310048138154|09|2029|879
4563310048116150|09|2029|573
4563310048120525|09|2029|279
4563310048183507|09|2029|857
4563310048127637|09|2029|162
4563310048141349|09|2029|014
4563310048158129|09|2029|981
4563310048136752|09|2029|161
4563310048144251|09|2029|663
4563310048140580|09|2029|755
4563310048164770|09|2029|799
4563310048184851|09|2029|489
4563310048147056|09|2029|808
4563310048172773|09|2029|709
4563310048188514|09|2029|949
4563310048124840|09|2029|346
4563310048150563|09|2029|394
4563310048199545|09|2029|504
4563310048135713|09|2029|652
4563310048142529|09|2029|658
4563310048168862|09|2029|603
4563310048103398|09|2029|636
4563310048160190|09|2029|916
4563310048182368|09|2029|831
4563310048166684|09|2029|351
4563310048101715|09|2029|905
4563310048123511|09|2029|085
4563310048180826|09|2029|446
4563310048109007|09|2029|682
4563310048174324|09|2029|247
4563310048144368|09|2029|486
4563310048157873|09|2029|666
4563310048193704|09|2029|112
4563310048180164|09|2029|976
4563310048150944|09|2029|885
4563310048162295|09|2029|076
4563310048148377|09|2029|729
4563310048127504|09|2029|239
4563310048193951|09|2029|999
4563310048180206|09|2029|790
4563310048118149|09|2029|005
4563310048113249|09|2029|543
4563310048151108|09|2029|328
4563310048129849|09|2029|941
4563310048115558|09|2029|688
4563310048110203|09|2029|150
4563310048171056|09|2029|929
4563310048115301|09|2029|114
4563310048161776|09|2029|223
4563310048118511|09|2029|551
4563310048189074|09|2029|371
4563310048110005|09|2029|274
4563310048149763|09|2029|512
4563310048142222|09|2029|570
4563310048187961|09|2029|865
4563310048112456|09|2029|673
4563310048134997|09|2029|950
4563310048134112|09|2029|223
4563310048130581|09|2029|419
4563310048163343|09|2029|598
4563310048125334|09|2029|116
4563310048193233|09|2029|611
4563310048195006|09|2029|891
4563310048142412|09|2029|461
4563310048145076|09|2029|627
4563310048178572|09|2029|002
4563310048176287|09|2029|272
4563310048172203|09|2029|210
4563310048190643|09|2029|590
4563310048152197|09|2029|615
4563310048196277|09|2029|794
4563310048144723|09|2029|307
4563310048175842|09|2029|212
4563310048191153|09|2029|698
4563310048146926|09|2029|280
4563310048160018|09|2029|080
4563310048119279|09|2029|797
4563310048117802|09|2029|013
4563310048151314|09|2029|332
4563310048129450|09|2029|107
4563310048151132|09|2029|584
4563310048175495|09|2029|172
4563310048167732|09|2029|587
4563310048110369|09|2029|761
4563310048137479|09|2029|553
4563310048140093|09|2029|711
4563310048199099|09|2029|976
4563310048199974|09|2029|996
4563310048133981|09|2029|564
4563310048125078|09|2029|660
4563310048181212|09|2029|481
4563310048110625|09|2029|069
4563310048194710|09|2029|232
4563310048142669|09|2029|215
4563310048198851|09|2029|677
4563310048165983|09|2029|377
4563310048180024|09|2029|524
4563310048133742|09|2029|738
4563310048165827|09|2029|984
4563310048142792|09|2029|381
4563310048153161|09|2029|126
4563310048105757|09|2029|741
4563310048110393|09|2029|978
4563310048120665|09|2029|104
4563310048152148|09|2029|168
4563310048187730|09|2029|239
4563310048110880|09|2029|292
4563310048132678|09|2029|748
4563310048123081|09|2029|719
4563310048138972|09|2029|644
4563310048195709|09|2029|117
4563310048118024|09|2029|838
4563310048151439|09|2029|743
4563310048114585|09|2029|877
4563310048144004|09|2029|708
4563310048195386|09|2029|106
4563310048192615|09|2029|865
4563310048119055|09|2029|961
4563310048153393|09|2029|463
4563310048158103|09|2029|531
4563310048151892|09|2029|025
4563310048128320|09|2029|221
4563310048139582|09|2029|016
4563310048144673|09|2029|323
4563310048174134|09|2029|222
4563310048174365|09|2029|865
4563310048190692|09|2029|319
4563310048141091|09|2029|206
4563310048120665|09|2029|424
4563310048164457|09|2029|764
4563310048160869|09|2029|221
4563310048113611|09|2029|534
4563310048146694|09|2029|589
4563310048136422|09|2029|906
4563310048154698|09|2029|984
4563310048138584|09|2029|149
4563310048194454|09|2029|896
4563310048178218|09|2029|660
4563310048126969|09|2029|699
4563310048141000|09|2029|699
4563310048119774|09|2029|033
4563310048166387|09|2029|731
4563310048149268|09|2029|898
4563310048137651|09|2029|596
4563310048138923|09|2029|558
4563310048118669|09|2029|537
4563310048104404|09|2029|847
4563310048108264|09|2029|363
4563310048137768|09|2029|214
4563310048115509|09|2029|244
4563310048172302|09|2029|797
4563310048193365|09|2029|800
4563310048153591|09|2029|144
4563310048119907|09|2029|173
4563310048177400|09|2029|051
4563310048194041|09|2029|017
4563310048179182|09|2029|533
4563310048152171|09|2029|162
4563310048145944|09|2029|591
4563310048181311|09|2029|405
4563310048131498|09|2029|491
4563310048123370|09|2029|470
4563310048176824|09|2029|161
4563310048168144|09|2029|852
4563310048168235|09|2029|279
4563310048127884|09|2029|650
4563310048162634|09|2029|779
4563310048116838|09|2029|172
4563310048118735|09|2029|804
4563310048152809|09|2029|487
4563310048153302|09|2029|397
4563310048177012|09|2029|008
4563310048122240|09|2029|292
4563310048124501|09|2029|709
4563310048164325|09|2029|876
4563310048155638|09|2029|013
4563310048162840|09|2029|642
4563310048179422|09|2029|411
4563310048114601|09|2029|053
4563310048167633|09|2029|045
4563310048165058|09|2029|456
4563310048133452|09|2029|941
4563310048156628|09|2029|283
4563310048142255|09|2029|357
4563310048141687|09|2029|964
4563310048100386|09|2029|722
4563310048126464|09|2029|191
4563310048118792|09|2029|056
4563310048110310|09|2029|198
4563310048105641|09|2029|840
4563310048111490|09|2029|511
4563310048191518|09|2029|839
4563310048196319|09|2029|091
4563310048153955|09|2029|421
4563310048162832|09|2029|677
4563310048193787|09|2029|854
4563310048114510|09|2029|753
4563310048189991|09|2029|740
4563310048128767|09|2029|256
4563310048175925|09|2029|646
4563310048116440|09|2029|140
4563310048199362|09|2029|322
4563310048111649|09|2029|421
4563310048161206|09|2029|813
4563310048148096|09|2029|591
4563310048115491|09|2029|366
4563310048179810|09|2029|329
4563310048113009|09|2029|690
4563310048158004|09|2029|750
4563310048162071|09|2029|776
4563310048102689|09|2029|608
4563310048185114|09|2029|854
4563310048195303|09|2029|147
4563310048125243|09|2029|272
4563310048199263|09|2029|947
4563310048119733|09|2029|624
4563310048192177|09|2029|194
4563310048177079|09|2029|106
4563310048157964|09|2029|350
4563310048170322|09|2029|440
4563310048101301|09|2029|173
4563310048115160|09|2029|220
4563310048191054|09|2029|282
4563310048120673|09|2029|154
4563310048107696|09|2029|460
4563310048112191|09|2029|333
4563310048102093|09|2029|735
4563310048196624|09|2029|905
4563310048166064|09|2029|611
4563310048164937|09|2029|879
4563310048100089|09|2029|735
4563310048199131|09|2029|106
4563310048168672|09|2029|816
4563310048107209|09|2029|673
4563310048133726|09|2029|393
4563310048115384|09|2029|516
4563310048136448|09|2029|761
4563310048127116|09|2029|040
4563310048197218|09|2029|655
4563310048163012|09|2029|686
4563310048111318|09|2029|400
4563310048147486|09|2029|871
4563310048173771|09|2029|197
4563310048187342|09|2029|861
4563310048140853|09|2029|801
4563310048159176|09|2029|035
4563310048119659|09|2029|353
4563310048165918|09|2029|330
4563310048166833|09|2029|860
4563310048195642|09|2029|478
4563310048155406|09|2029|747
4563310048138287|09|2029|032
4563310048159226|09|2029|086
4563310048143394|09|2029|687
4563310048178879|09|2029|610
4563310048152445|09|2029|492
4563310048164648|09|2029|935
4563310048163061|09|2029|115
4563310048106011|09|2029|850
4563310048135176|09|2029|460
4563310048117943|09|2029|957
4563310048164622|09|2029|749
4563310048171585|09|2029|895
4563310048118966|09|2029|012
4563310048102440|09|2029|718
4563310048151363|09|2029|075
4563310048181493|09|2029|423
4563310048154789|09|2029|857
4563310048146165|09|2029|606
4563310048142479|09|2029|037
4563310048131738|09|2029|318
4563310048154128|09|2029|820
4563310048153831|09|2029|729
4563310048174852|09|2029|384
4563310048127983|09|2029|812
4563310048170124|09|2029|986
4563310048163988|09|2029|377
4563310048195949|09|2029|256
4563310048111987|09|2029|181
4563310048159465|09|2029|406
4563310048148781|09|2029|252
4563310048105476|09|2029|335
4563310048176337|09|2029|198
4563310048139640|09|2029|320
4563310048174423|09|2029|836
4563310048177673|09|2029|225
4563310048196137|09|2029|000
4563310048167781|09|2029|491
4563310048159804|09|2029|595
4563310048180206|09|2029|490
4563310048162352|09|2029|140
4563310048115913|09|2029|378
4563310048133130|09|2029|425
4563310048115160|09|2029|760
4563310048135697|09|2029|298
4563310048184760|09|2029|737
4563310048116143|09|2029|772
4563310048112548|09|2029|188
4563310048180883|09|2029|254
4563310048150167|09|2029|001
4563310048107969|09|2029|390
4563310048156693|09|2029|734
4563310048106490|09|2029|215
4563310048186377|09|2029|788
4563310048191823|09|2029|984
4563310048148070|09|2029|237
4563310048141208|09|2029|015
4563310048114569|09|2029|004
4563310048198430|09|2029|473
4563310048148674|09|2029|878
4563310048179232|09|2029|289
4563310048123081|09|2029|363
4563310048151595|09|2029|345
4563310048121200|09|2029|239
4563310048144160|09|2029|551
4563310048149508|09|2029|133
4563310048152445|09|2029|700
4563310048135242|09|2029|270
4563310048123305|09|2029|342
4563310048192987|09|2029|639
4563310048109544|09|2029|475
4563310048101384|09|2029|485
4563310048149599|09|2029|161
4563310048124147|09|2029|681
4563310048119428|09|2029|596
4563310048191187|09|2029|396
4563310048183077|09|2029|579
4563310048125755|09|2029|230
4563310048121226|09|2029|277
4563310048127561|09|2029|131
4563310048132934|09|2029|540
4563310048113025|09|2029|875
4563310048136869|09|2029|079
4563310048191195|09|2029|177
4563310048177145|09|2029|051
4563310048143261|09|2029|839
4563310048189488|09|2029|922
4563310048104487|09|2029|462
4563310048154045|09|2029|416
4563310048160968|09|2029|419
4563310048133163|09|2029|398
4563310048118982|09|2029|763
4563310048147213|09|2029|166
4563310048195162|09|2029|653
4563310048134849|09|2029|923
4563310048137263|09|2029|658
4563310048124089|09|2029|311
4563310048170025|09|2029|208
4563310048185288|09|2029|864
4563310048102275|09|2029|663
4563310048151751|09|2029|908
4563310048145571|09|2029|048
4563310048156875|09|2029|832
4563310048143709|09|2029|032
4563310048108918|09|2029|714
4563310048168003|09|2029|332
4563310048198323|09|2029|677
4563310048199297|09|2029|329
4563310048101319|09|2029|528
4563310048161503|09|2029|628
4563310048163400|09|2029|898
4563310048179752|09|2029|484
4563310048106375|09|2029|032
4563310048130300|09|2029|094
4563310048176147|09|2029|925
4563310048189447|09|2029|348
4563310048197069|09|2029|290
4563310048166494|09|2029|724
4563310048146421|09|2029|299
4563310048169043|09|2029|792
4563310048113199|09|2029|392
4563310048118065|09|2029|066
4563310048130896|09|2029|410
4563310048120871|09|2029|900
4563310048131019|09|2029|005
4563310048132736|09|2029|744
4563310048110211|09|2029|884
4563310048186732|09|2029|545
4563310048191898|09|2029|950
4563310048119832|09|2029|309
4563310048188662|09|2029|015
4563310048194512|09|2029|802
4563310048126589|09|2029|371
4563310048103299|09|2029|087
4563310048110419|09|2029|543
4563310048139632|09|2029|439
4563310048102440|09|2029|293
4563310048174845|09|2029|337
4563310048130367|09|2029|178
4563310048129468|09|2029|666
4563310048104131|09|2029|973
4563310048151546|09|2029|998
4563310048130912|09|2029|061
4563310048178127|09|2029|650
4563310048148492|09|2029|237
4563310048181659|09|2029|553
4563310048199172|09|2029|718
4563310048176568|09|2029|778
4563310048168342|09|2029|555
4563310048164861|09|2029|571
4563310048150647|09|2029|939
4563310048118339|09|2029|256
4563310048143246|09|2029|421
4563310048177962|09|2029|074
4563310048131274|09|2029|117
4563310048185494|09|2029|119
4563310048113538|09|2029|419
4563310048157188|09|2029|366
4563310048112357|09|2029|193
4563310048130847|09|2029|526
4563310048110401|09|2029|983
4563310048158616|09|2029|785
4563310048101848|09|2029|674
4563310048193167|09|2029|611
4563310048112084|09|2029|291
4563310048127421|09|2029|646
4563310048163939|09|2029|282
4563310048182400|09|2029|708
4563310048146371|09|2029|686
4563310048126472|09|2029|399
4563310048190601|09|2029|008
4563310048110781|09|2029|224
4563310048131506|09|2029|689
4563310048151140|09|2029|043
4563310048177731|09|2029|546
4563310048184323|09|2029|715
4563310048101376|09|2029|730
4563310048104008|09|2029|841
4563310048148328|09|2029|619
4563310048135226|09|2029|486
4563310048115368|09|2029|858
4563310048166973|09|2029|774
4563310048189702|09|2029|044
4563310048133346|09|2029|945
4563310048196087|09|2029|130
4563310048183796|09|2029|649
4563310048155042|09|2029|088
4563310048196095|09|2029|715
4563310048109098|09|2029|591
4563310048128296|09|2029|898
4563310048196269|09|2029|821
4563310048153658|09|2029|884
4563310048128270|09|2029|098
4563310048196269|09|2029|650
4563310048116457|09|2029|338
4563310048168805|09|2029|035
4563310048195923|09|2029|829
4563310048115954|09|2029|867
4563310048169803|09|2029|651
4563310048117117|09|2029|467
4563310048191880|09|2029|824
4563310048196699|09|2029|406
4563310048155786|09|2029|703
4563310048115749|09|2029|447
4563310048167252|09|2029|910
4563310048149714|09|2029|113
4563310048188753|09|2029|520
4563310048176956|09|2029|404
4563310048184588|09|2029|671
4563310048125433|09|2029|305
4563310048175727|09|2029|869
4563310048106557|09|2029|936
4563310048149243|09|2029|406
4563310048114577|09|2029|216
4563310048188290|09|2029|930
4563310048195014|09|2029|304
4563310048170629|09|2029|484
4563310048125169|09|2029|906
4563310048105112|09|2029|207
4563310048180172|09|2029|557
4563310048134864|09|2029|116
4563310048101921|09|2029|073
4563310048185999|09|2029|735
4563310048120905|09|2029|073
4563310048113835|09|2029|836
4563310048115574|09|2029|349
4563310048102424|09|2029|640
4563310048161826|09|2029|645
4563310048140713|09|2029|836
4563310048119162|09|2029|040
4563310048139756|09|2029|895
4563310048144707|09|2029|538
4563310048164531|09|2029|815
4563310048134286|09|2029|582
4563310048194967|09|2029|459
4563310048103034|09|2029|312
4563310048169498|09|2029|353
4563310048168318|09|2029|127
4563310048102929|09|2029|804
4563310048100113|09|2029|373
4563310048129559|09|2029|797
4563310048148351|09|2029|732
4563310048116119|09|2029|637
4563310048177467|09|2029|902
4563310048165363|09|2029|630
4563310048117935|09|2029|346
4563310048148716|09|2029|101
4563310048166411|09|2029|398
4563310048102747|09|2029|341
4563310048151579|09|2029|855
4563310048117604|09|2029|267
4563310048186609|09|2029|034
4563310048171163|09|2029|223
4563310048185072|09|2029|621
4563310048100980|09|2029|600
4563310048168938|09|2029|741
4563310048161347|09|2029|535
4563310048113702|09|2029|289
4563310048124006|09|2029|614
4563310048162485|09|2029|487
4563310048126985|09|2029|771
4563310048152361|09|2029|314
4563310048196772|09|2029|127
4563310048128064|09|2029|588
4563310048108843|09|2029|361
4563310048160992|09|2029|815
4563310048103646|09|2029|331
4563310048154284|09|2029|684
4563310048156909|09|2029|348
4563310048102929|09|2029|339
4563310048190742|09|2029|840
4563310048106102|09|2029|424
4563310048197820|09|2029|071
4563310048122620|09|2029|912
4563310048126027|09|2029|969
4563310048184216|09|2029|886
4563310048164663|09|2029|865
4563310048148351|09|2029|247
4563310048151876|09|2029|264
4563310048123651|09|2029|015
4563310048187763|09|2029|266
4563310048155398|09|2029|725
4563310048191278|09|2029|891
4563310048194280|09|2029|254
4563310048182871|09|2029|859
4563310048101459|09|2029|730
4563310048137321|09|2029|044
4563310048141448|09|2029|910
4563310048168110|09|2029|828
4563310048177913|09|2029|635
4563310048154524|09|2029|176
4563310048175230|09|2029|395
4563310048158632|09|2029|798
4563310048111938|09|2029|553
4563310048194660|09|2029|722
4563310048127769|09|2029|299
4563310048197812|09|2029|013
4563310048136265|09|2029|945
4563310048166734|09|2029|095
4563310048149540|09|2029|116
4563310048107555|09|2029|618
4563310048141406|09|2029|186
4563310048168912|09|2029|816
4563310048184166|09|2029|794
4563310048132611|09|2029|770
4563310048181063|09|2029|177
4563310048183465|09|2029|527
4563310048132470|09|2029|818
4563310048138667|09|2029|135
4563310048141224|09|2029|461
4563310048153831|09|2029|991
4563310048178101|09|2029|518
4563310048182038|09|2029|178
4563310048116812|09|2029|540
4563310048158343|09|2029|986
4563310048117653|09|2029|608
4563310048187904|09|2029|403
4563310048147056|09|2029|528
4563310048135408|09|2029|272
4563310048190627|09|2029|117
4563310048187755|09|2029|803
4563310048132900|09|2029|775
4563310048189074|09|2029|274
4563310048181485|09|2029|188
4563310048171163|09|2029|025
4563310048151355|09|2029|561
4563310048186211|09|2029|739
4563310048148690|09|2029|837
4563310048117950|09|2029|761
4563310048124428|09|2029|662
4563310048121200|09|2029|130
4563310048125672|09|2029|989
4563310048131902|09|2029|822
4563310048136810|09|2029|240
4563310048112225|09|2029|341
4563310048197465|09|2029|545
4563310048101087|09|2029|980
4563310048191419|09|2029|921
4563310048115335|09|2029|021
4563310048147783|09|2029|638
4563310048182079|09|2029|578
4563310048104982|09|2029|229
4563310048143626|09|2029|514
4563310048113207|09|2029|061
4563310048179687|09|2029|701
4563310048192409|09|2029|605
4563310048170116|09|2029|874
4563310048150092|09|2029|634
4563310048178333|09|2029|258
4563310048106607|09|2029|636
4563310048126704|09|2029|177
4563310048167948|09|2029|656
4563310048110971|09|2029|035
4563310048174241|09|2029|549
4563310048110716|09|2029|141
4563310048162477|09|2029|266
4563310048160281|09|2029|534
4563310048107894|09|2029|787
4563310048114940|09|2029|235
4563310048185874|09|2029|274
4563310048159762|09|2029|040
4563310048190130|09|2029|467
4563310048187516|09|2029|894
4563310048199685|09|2029|333
4563310048145068|09|2029|977
4563310048139087|09|2029|571
4563310048118164|09|2029|916
4563310048182418|09|2029|371
4563310048110245|09|2029|152
4563310048153740|09|2029|471
4563310048161651|09|2029|215
4563310048191856|09|2029|713
4563310048100931|09|2029|313
4563310048166163|09|2029|680
4563310048154425|09|2029|210
4563310048136588|09|2029|014
4563310048192821|09|2029|230
4563310048121283|09|2029|639
4563310048191062|09|2029|542
4563310048192912|09|2029|861
4563310048149060|09|2029|716
4563310048188498|09|2029|062
4563310048189231|09|2029|784
4563310048186393|09|2029|185
4563310048177244|09|2029|291
4563310048199495|09|2029|617
4563310048193282|09|2029|493
4563310048109312|09|2029|308
4563310048136588|09|2029|973
4563310048108512|09|2029|120
4563310048113009|09|2029|869
4563310048119956|09|2029|019
4563310048102705|09|2029|629
4563310048179570|09|2029|684
4563310048115202|09|2029|992
4563310048126761|09|2029|426
4563310048112076|09|2029|331
4563310048185981|09|2029|577
4563310048182707|09|2029|118
4563310048138238|09|2029|724
4563310048174324|09|2029|297
4563310048108272|09|2029|009
4563310048182632|09|2029|258
4563310048157204|09|2029|612
4563310048141703|09|2029|729
4563310048152221|09|2029|073
4563310048161073|09|2029|376
4563310048156206|09|2029|250
4563310048109171|09|2029|666
4563310048105575|09|2029|029
4563310048130748|09|2029|576
4563310048160737|09|2029|425
4563310048164234|09|2029|050
4563310048111953|09|2029|645
4563310048139533|09|2029|411
4563310048145589|09|2029|275
4563310048178960|09|2029|942
4563310048124592|09|2029|067
4563310048190734|09|2029|363
4563310048123990|09|2029|076
4563310048173326|09|2029|701
4563310048172146|09|2029|629
4563310048113959|09|2029|068
4563310048154011|09|2029|071
4563310048141919|09|2029|349
4563310048169845|09|2029|478
4563310048156958|09|2029|161
4563310048139590|09|2029|659
4563310048115004|09|2029|049
4563310048178507|09|2029|569
4563310048155448|09|2029|359
4563310048192144|09|2029|777
4563310048152312|09|2029|656
4563310048142149|09|2029|547
4563310048104388|09|2029|921
4563310048109510|09|2029|276
4563310048175883|09|2029|292
4563310048131050|09|2029|014
4563310048170371|09|2029|700
4563310048164366|09|2029|958
4563310048139244|09|2029|625
4563310048164689|09|2029|956
4563310048199552|09|2029|021
4563310048196517|09|2029|433
4563310048185684|09|2029|721
4563310048181675|09|2029|459
4563310048196780|09|2029|082
4563310048165066|09|2029|788
4563310048139889|09|2029|352
4563310048100188|09|2029|750
4563310048174993|09|2029|518
4563310048154896|09|2029|029
4563310048191518|09|2029|118
4563310048101186|09|2029|185
4563310048115236|09|2029|958
4563310048124907|09|2029|256
4563310048103349|09|2029|983
4563310048152775|09|2029|454
4563310048189702|09|2029|425
4563310048189512|09|2029|367
4563310048148195|09|2029|846
4563310048170140|09|2029|555
4563310048191542|09|2029|315
4563310048104982|09|2029|284
4563310048186823|09|2029|824
4563310048123701|09|2029|645
4563310048191997|09|2029|682
4563310048140630|09|2029|484
4563310048137818|09|2029|198
4563310048150993|09|2029|410
4563310048122430|09|2029|301
4563310048106508|09|2029|676
4563310048128916|09|2029|114
4563310048106904|09|2029|023
4563310048183721|09|2029|757
4563310048187284|09|2029|754
4563310048136885|09|2029|760
4563310048102952|09|2029|514
4563310048144731|09|2029|899
4563310048137016|09|2029|205
4563310048195345|09|2029|517
4563310048138386|09|2029|277
4563310048185270|09|2029|963
4563310048176592|09|2029|787
4563310048158160|09|2029|582
4563310048175321|09|2029|465
4563310048183267|09|2029|697
4563310048126001|09|2029|648
4563310048130862|09|2029|853
4563310048151504|09|2029|043
4563310048139483|09|2029|237
4563310048168714|09|2029|177
4563310048179711|09|2029|654
4563310048136471|09|2029|174
4563310048171049|09|2029|870
4563310048161198|09|2029|107
4563310048173433|09|2029|784
4563310048178325|09|2029|178
4563310048136166|09|2029|591
4563310048151686|09|2029|765
4563310048126845|09|2029|665
4563310048167724|09|2029|288
4563310048125078|09|2029|356
4563310048180677|09|2029|569
4563310048176691|09|2029|721
4563310048143501|09|2029|646
4563310048180701|09|2029|924
4563310048193514|09|2029|061
4563310048158707|09|2029|649
4563310048122448|09|2029|984
4563310048120301|09|2029|586
4563310048171148|09|2029|200
4563310048134534|09|2029|143
4563310048177830|09|2029|842
4563310048131175|09|2029|018
4563310048135713|09|2029|967
4563310048119162|09|2029|849
4563310048113314|09|2029|864
4563310048171627|09|2029|478
4563310048132611|09|2029|074
4563310048158616|09|2029|618
4563310048173094|09|2029|433
4563310048133353|09|2029|851
4563310048166825|09|2029|870
4563310048132405|09|2029|260
4563310048155737|09|2029|544
4563310048127058|09|2029|901
4563310048147304|09|2029|330
4563310048188720|09|2029|678
4563310048131050|09|2029|716
4563310048166304|09|2029|505
4563310048190155|09|2029|261
4563310048123057|09|2029|963
4563310048116259|09|2029|975
4563310048171783|09|2029|417
4563310048108462|09|2029|482
4563310048199206|09|2029|683
4563310048170579|09|2029|248
4563310048192797|09|2029|883
4563310048178101|09|2029|782
4563310048152890|09|2029|441
4563310048117638|09|2029|376
4563310048177970|09|2029|841
4563310048186013|09|2029|251
4563310048183481|09|2029|802
4563310048165116|09|2029|236
4563310048130284|09|2029|710
4563310048186641|09|2029|160
4563310048119998|09|2029|801
4563310048175461|09|2029|861
4563310048103547|09|2029|013
4563310048174472|09|2029|237
4563310048100444|09|2029|241
4563310048136349|09|2029|917
4563310048188258|09|2029|808
4563310048160612|09|2029|105
4563310048194678|09|2029|321
4563310048147163|09|2029|770
4563310048153732|09|2029|399
4563310048156628|09|2029|614
4563310048111292|09|2029|953
4563310048122075|09|2029|983
4563310048153617|09|2029|763
4563310048171577|09|2029|165
4563310048152338|09|2029|375
4563310048147429|09|2029|254
4563310048181659|09|2029|845
4563310048173672|09|2029|808
4563310048193233|09|2029|739
4563310048142537|09|2029|478
4563310048147916|09|2029|431
4563310048186609|09|2029|667
4563310048189140|09|2029|834
4563310048163442|09|2029|307
4563310048133809|09|2029|468
4563310048168326|09|2029|375
4563310048124196|09|2029|048
4563310048149599|09|2029|153
4563310048124865|09|2029|460
4563310048102978|09|2029|495
4563310048159036|09|2029|726
4563310048110252|09|2029|239
4563310048108652|09|2029|183
4563310048159424|09|2029|035
4563310048131704|09|2029|475
4563310048161354|09|2029|217
4563310048141794|09|2029|906
4563310048147866|09|2029|301
4563310048197770|09|2029|891
4563310048169100|09|2029|970
4563310048186369|09|2029|269
4563310048128957|09|2029|541
4563310048135564|09|2029|105
4563310048185585|09|2029|409
4563310048173540|09|2029|240
4563310048168326|09|2029|849
4563310048156347|09|2029|171
4563310048159481|09|2029|295
4563310048134799|09|2029|057
4563310048127413|09|2029|969
4563310048133494|09|2029|260
4563310048174514|09|2029|614
4563310048150423|09|2029|826
4563310048137578|09|2029|874
4563310048175685|09|2029|037
4563310048123933|09|2029|340
4563310048140473|09|2029|591
4563310048120764|09|2029|775
4563310048192847|09|2029|410
4563310048158574|09|2029|498
4563310048140341|09|2029|625
4563310048194116|09|2029|644
4563310048129526|09|2029|128
4563310048194892|09|2029|271
4563310048166742|09|2029|527
4563310048184588|09|2029|032
4563310048135838|09|2029|683
4563310048195352|09|2029|926
4563310048116945|09|2029|567
4563310048138162|09|2029|013
4563310048128593|09|2029|736
4563310048161057|09|2029|174
4563310048164739|09|2029|725
4563310048159663|09|2029|146
4563310048140440|09|2029|009
4563310048171841|09|2029|878
4563310048136992|09|2029|506
4563310048161800|09|2029|269
4563310048175743|09|2029|668
4563310048122695|09|2029|119
4563310048168748|09|2029|450
4563310048117182|09|2029|591
4563310048137958|09|2029|872
4563310048192623|09|2029|152
4563310048163210|09|2029|042
4563310048147403|09|2029|521
4563310048172864|09|2029|981
4563310048105781|09|2029|510
4563310048114460|09|2029|901
4563310048157022|09|2029|558
4563310048193464|09|2029|434
4563310048189439|09|2029|884
4563310048178630|09|2029|428
4563310048166239|09|2029|431
4563310048160406|09|2029|244
4563310048137677|09|2029|165
4563310048166965|09|2029|036
4563310048176212|09|2029|839
4563310048120038|09|2029|783
4563310048154417|09|2029|945
4563310048163335|09|2029|625
4563310048160489|09|2029|409
4563310048133957|09|2029|019
4563310048116846|09|2029|852
4563310048154219|09|2029|232
4563310048107829|09|2029|812
4563310048164135|09|2029|875
4563310048158350|09|2029|893
4563310048191039|09|2029|005
4563310048180776|09|2029|181
4563310048190353|09|2029|197
4563310048174829|09|2029|010
4563310048171023|09|2029|513
4563310048176717|09|2029|737
4563310048129377|09|2029|202
4563310048159127|09|2029|477
4563310048121572|09|2029|718
4563310048151611|09|2029|965
4563310048181139|09|2029|267
4563310048125243|09|2029|959
4563310048121150|09|2029|018
4563310048119618|09|2029|993
4563310048190189|09|2029|496
4563310048175511|09|2029|261
4563310048183291|09|2029|762
4563310048145621|09|2029|510
4563310048130961|09|2029|058
4563310048182483|09|2029|917
4563310048119675|09|2029|792
4563310048128791|09|2029|648
4563310048170462|09|2029|453
4563310048101723|09|2029|528
4563310048125664|09|2029|806
4563310048194967|09|2029|859
4563310048125508|09|2029|343
4563310048158137|09|2029|254
4563310048198497|09|2029|792
4563310048177467|09|2029|719
4563310048162600|09|2029|819
4563310048185569|09|2029|367
4563310048146132|09|2029|252
4563310048128437|09|2029|089
4563310048153781|09|2029|261
4563310048119865|09|2029|331
4563310048113686|09|2029|165
4563310048183986|09|2029|569
4563310048101194|09|2029|987
4563310048164341|09|2029|269
4563310048115756|09|2029|928
4563310048176949|09|2029|323
4563310048120970|09|2029|072
4563310048185122|09|2029|133
4563310048177244|09|2029|095
4563310048132082|09|2029|399
4563310048107639|09|2029|188
4563310048194298|09|2029|914
4563310048133775|09|2029|944
4563310048159861|09|2029|693
4563310048149623|09|2029|627
4563310048132249|09|2029|835
4563310048143063|09|2029|280
4563310048143238|09|2029|899
4563310048189488|09|2029|349
4563310048146678|09|2029|272
4563310048136075|09|2029|669
4563310048152247|09|2029|364
4563310048107167|09|2029|286
4563310048156925|09|2029|567
4563310048167666|09|2029|621
4563310048139509|09|2029|941
4563310048138089|09|2029|257
4563310048198497|09|2029|962
4563310048170082|09|2029|126
4563310048124907|09|2029|385
4563310048192581|09|2029|234
4563310048173946|09|2029|033
4563310048175636|09|2029|280
4563310048198372|09|2029|544
4563310048157089|09|2029|566
4563310048172344|09|2029|225
4563310048117133|09|2029|318
4563310048170801|09|2029|039
4563310048161206|09|2029|314
4563310048148286|09|2029|053
4563310048133056|09|2029|029
4563310048141604|09|2029|079
4563310048117877|09|2029|032
4563310048103760|09|2029|222
4563310048156370|09|2029|177
4563310048139947|09|2029|496
4563310048147163|09|2029|445
4563310048165942|09|2029|676
4563310048118792|09|2029|411
4563310048103018|09|2029|253
4563310048133452|09|2029|267
4563310048101681|09|2029|075
4563310048174266|09|2029|250
4563310048197887|09|2029|956
4563310048128858|09|2029|774
4563310048162865|09|2029|891
4563310048168912|09|2029|080
4563310048181097|09|2029|804
4563310048144137|09|2029|908
4563310048190395|09|2029|573
4563310048154771|09|2029|192
4563310048126217|09|2029|766
4563310048156560|09|2029|944
4563310048185056|09|2029|501
4563310048198562|09|2029|916
4563310048146652|09|2029|110
4563310048102879|09|2029|606
4563310048159598|09|2029|471
4563310048102754|09|2029|237
4563310048172609|09|2029|438
4563310048131555|09|2029|614
4563310048139020|09|2029|681
4563310048165280|09|2029|286
4563310048197929|09|2029|124
4563310048124741|09|2029|673
4563310048188126|09|2029|148
4563310048182103|09|2029|306
4563310048154003|09|2029|557
4563310048168995|09|2029|012
4563310048148930|09|2029|952
4563310048116549|09|2029|779
4563310048162378|09|2029|956
4563310048142594|09|2029|408
4563310048126829|09|2029|398
4563310048190726|09|2029|495
4563310048111144|09|2029|834
4563310048112357|09|2029|924
4563310048156149|09|2029|630
4563310048140531|09|2029|367
4563310048125763|09|2029|136
4563310048189645|09|2029|203
4563310048116119|09|2029|419
4563310048189157|09|2029|671
4563310048130458|09|2029|680
4563310048117174|09|2029|109
4563310048172229|09|2029|802
4563310048155695|09|2029|987
4563310048103190|09|2029|205
4563310048168250|09|2029|244
4563310048184935|09|2029|512
4563310048117521|09|2029|694
4563310048105682|09|2029|992
4563310048149102|09|2029|218
4563310048137040|09|2029|191
4563310048141711|09|2029|341
4563310048132132|09|2029|089
4563310048106748|09|2029|253
4563310048157303|09|2029|267
4563310048166049|09|2029|108
4563310048145258|09|2029|650
4563310048186187|09|2029|675
4563310048198216|09|2029|447
4563310048169225|09|2029|894
4563310048180263|09|2029|918
4563310048179273|09|2029|718
4563310048193365|09|2029|060
4563310048119311|09|2029|363
4563310048105039|09|2029|620
4563310048113199|09|2029|289
4563310048169803|09|2029|569
4563310048130292|09|2029|285
4563310048131001|09|2029|586
4563310048195139|09|2029|805
4563310048116705|09|2029|908
4563310048179968|09|2029|196
4563310048142511|09|2029|859
4563310048136257|09|2029|941
4563310048105096|09|2029|410
4563310048148039|09|2029|781
4563310048113850|09|2029|319
4563310048141026|09|2029|122
4563310048155000|09|2029|103
4563310048140994|09|2029|260
4563310048121358|09|2029|486
4563310048173318|09|2029|335
4563310048142537|09|2029|964
4563310048177004|09|2029|972
4563310048112399|09|2029|425
4563310048167666|09|2029|305
4563310048146462|09|2029|981
4563310048161941|09|2029|738
4563310048128684|09|2029|065
4563310048162501|09|2029|103
4563310048188159|09|2029|747
4563310048141695|09|2029|504
4563310048175941|09|2029|141
4563310048102234|09|2029|000
4563310048194447|09|2029|911
4563310048113868|09|2029|688
4563310048125698|09|2029|702
4563310048127579|09|2029|162
4563310048161701|09|2029|890
4563310048158269|09|2029|006
4563310048179893|09|2029|524
4563310048142677|09|2029|741
4563310048127553|09|2029|283
4563310048180545|09|2029|205
4563310048190858|09|2029|300
4563310048143253|09|2029|560
4563310048168508|09|2029|938
4563310048169928|09|2029|173
4563310048185478|09|2029|286
4563310048159325|09|2029|718
4563310048158400|09|2029|113
4563310048176915|09|2029|015
4563310048112340|09|2029|686
4563310048197986|09|2029|979
4563310048166254|09|2029|655
4563310048145589|09|2029|928
4563310048191534|09|2029|361
4563310048132033|09|2029|258
4563310048138121|09|2029|752
4563310048157659|09|2029|831
4563310048114395|09|2029|066
4563310048170520|09|2029|704
4563310048123529|09|2029|216
4563310048141273|09|2029|398
4563310048169761|09|2029|422
4563310048135689|09|2029|991
4563310048199180|09|2029|007
4563310048133288|09|2029|620
4563310048150431|09|2029|795
4563310048184257|09|2029|477
4563310048184620|09|2029|312
4563310048105427|09|2029|054
4563310048103620|09|2029|633
4563310048155422|09|2029|714
4563310048197903|09|2029|405
4563310048158202|09|2029|877
4563310048150589|09|2029|897
4563310048127710|09|2029|359
4563310048181303|09|2029|994
4563310048111755|09|2029|902
4563310048129039|09|2029|833
4563310048116994|09|2029|796
4563310048145027|09|2029|524
4563310048170785|09|2029|811
4563310048125151|09|2029|449
4563310048190122|09|2029|764
4563310048114676|09|2029|939
4563310048161719|09|2029|914
4563310048129583|09|2029|404
4563310048129203|09|2029|040
4563310048152080|09|2029|549
4563310048106086|09|2029|445
4563310048116028|09|2029|827
4563310048182947|09|2029|330
4563310048181774|09|2029|494
4563310048158129|09|2029|527
4563310048163962|09|2029|803
4563310048171924|09|2029|633
4563310048171734|09|2029|246
4563310048199354|09|2029|556
4563310048151702|09|2029|139
4563310048180909|09|2029|753
4563310048123776|09|2029|832
4563310048181980|09|2029|229
4563310048120558|09|2029|665
4563310048122414|09|2029|780
4563310048143790|09|2029|383
4563310048186765|09|2029|724
4563310048172625|09|2029|693
4563310048105211|09|2029|719
4563310048100790|09|2029|520
4563310048187045|09|2029|908
4563310048166114|09|2029|518
4563310048155448|09|2029|665
4563310048177491|09|2029|559
4563310048142388|09|2029|288
4563310048159341|09|2029|075
4563310048186484|09|2029|175
4563310048191716|09|2029|995
4563310048183689|09|2029|414
4563310048188514|09|2029|911
4563310048184422|09|2029|832
4563310048106359|09|2029|394
4563310048144970|09|2029|620
4563310048102374|09|2029|617
4563310048133197|09|2029|748
4563310048147155|09|2029|108
4563310048178606|09|2029|844
4563310048126308|09|2029|454
4563310048126183|09|2029|079
4563310048117380|09|2029|237
4563310048192177|09|2029|562
4563310048156735|09|2029|245
4563310048153831|09|2029|792
4563310048107076|09|2029|114
4563310048118933|09|2029|711
4563310048174092|09|2029|974
4563310048160430|09|2029|641
4563310048114924|09|2029|436
4563310048169159|09|2029|202
4563310048171833|09|2029|470
4563310048120772|09|2029|906
4563310048127132|09|2029|506
4563310048184588|09|2029|901
4563310048115178|09|2029|743
4563310048111540|09|2029|557
4563310048186740|09|2029|297
4563310048144194|09|2029|455
4563310048121671|09|2029|829
4563310048185528|09|2029|437
4563310048101624|09|2029|861
4563310048115400|09|2029|872
4563310048194298|09|2029|590
4563310048126274|09|2029|077
4563310048150092|09|2029|779
4563310048109429|09|2029|562
4563310048117356|09|2029|026
4563310048102036|09|2029|951
4563310048173284|09|2029|823
4563310048195568|09|2029|881
4563310048191542|09|2029|687
4563310048118818|09|2029|468
4563310048146785|09|2029|107
4563310048142180|09|2029|039
4563310048113561|09|2029|538
4563310048139855|09|2029|097
4563310048138097|09|2029|221
4563310048135101|09|2029|256
4563310048159580|09|2029|259
4563310048163640|09|2029|782
4563310048184877|09|2029|620
4563310048100907|09|2029|245
4563310048115723|09|2029|359
4563310048107936|09|2029|881
4563310048123214|09|2029|511
4563310048196483|09|2029|399
4563310048114288|09|2029|419
4563310048116333|09|2029|036
4563310048135622|09|2029|662
4563310048177012|09|2029|260
4563310048178176|09|2029|846
4563310048109148|09|2029|745
4563310048185288|09|2029|254
4563310048172393|09|2029|344
4563310048106508|09|2029|111
4563310048190056|09|2029|921
4563310048146215|09|2029|993
4563310048156859|09|2029|837
4563310048187292|09|2029|618
4563310048127496|09|2029|829
4563310048113678|09|2029|096
4563310048138022|09|2029|817
4563310048109460|09|2029|571
4563310048147528|09|2029|237
4563310048190072|09|2029|590
4563310048181659|09|2029|271
4563310048197549|09|2029|129
4563310048134112|09|2029|060
4563310048139822|09|2029|443
4563310048199891|09|2029|893
4563310048119709|09|2029|829
4563310048141497|09|2029|203
4563310048172054|09|2029|580
4563310048127934|09|2029|416
4563310048138170|09|2029|599
4563310048146421|09|2029|169
4563310048118768|09|2029|869
4563310048170561|09|2029|565
4563310048168045|09|2029|693
4563310048106284|09|2029|321
4563310048135648|09|2029|479
4563310048167468|09|2029|545
4563310048189769|09|2029|932
4563310048102606|09|2029|451
4563310048104982|09|2029|950
4563310048179059|09|2029|607
4563310048191161|09|2029|718
4563310048103109|09|2029|039
4563310048162238|09|2029|165
4563310048195550|09|2029|565
4563310048121408|09|2029|274
4563310048172328|09|2029|222
4563310048151595|09|2029|059
4563310048188274|09|2029|435
4563310048195014|09|2029|973
4563310048142891|09|2029|433
4563310048197606|09|2029|174
4563310048134385|09|2029|759
4563310048196749|09|2029|334
4563310048111003|09|2029|101
4563310048157329|09|2029|175
4563310048197291|09|2029|355
4563310048185460|09|2029|306
4563310048113322|09|2029|737
4563310048141331|09|2029|613
4563310048173953|09|2029|081
4563310048168599|09|2029|159
4563310048137859|09|2029|358
4563310048158327|09|2029|740
4563310048132843|09|2029|726
4563310048116465|09|2029|428
4563310048179042|09|2029|461
4563310048152650|09|2029|363
4563310048192862|09|2029|135
4563310048175727|09|2029|921
4563310048111177|09|2029|334
4563310048102325|09|2029|754
4563310048156909|09|2029|339
4563310048139400|09|2029|778
4563310048130458|09|2029|965
4563310048189884|09|2029|470
4563310048129294|09|2029|076
4563310048120798|09|2029|686
4563310048160869|09|2029|296
4563310048125201|09|2029|732
4563310048113504|09|2029|053
4563310048139822|09|2029|885
4563310048134591|09|2029|566
4563310048122661|09|2029|037
4563310048138311|09|2029|785
4563310048155802|09|2029|797
4563310048106433|09|2029|745
4563310048189371|09|2029|487
4563310048177368|09|2029|923
4563310048115921|09|2029|848
4563310048185528|09|2029|401
4563310048156867|09|2029|329
4563310048114155|09|2029|667
4563310048179380|09|2029|001
4563310048138568|09|2029|101
4563310048198026|09|2029|237
4563310048159572|09|2029|922
4563310048143956|09|2029|020
4563310048185114|09|2029|952
4563310048120814|09|2029|229
4563310048115731|09|2029|312
4563310048124113|09|2029|246
4563310048192631|09|2029|825
4563310048168599|09|2029|401
4563310048169316|09|2029|874
4563310048101640|09|2029|499
4563310048124741|09|2029|367
4563310048195162|09|2029|557
4563310048144152|09|2029|739
4563310048110401|09|2029|526
4563310048190577|09|2029|076
4563310048186047|09|2029|155
4563310048117182|09|2029|052
4563310048133767|09|2029|219
4563310048150456|09|2029|453
4563310048193936|09|2029|484
4563310048166718|09|2029|972
4563310048177061|09|2029|723
4563310048177509|09|2029|715
4563310048123636|09|2029|121
4563310048120368|09|2029|133
4563310048133585|09|2029|059
4563310048169894|09|2029|366
4563310048110427|09|2029|521
4563310048125052|09|2029|580
4563310048174191|09|2029|793
4563310048164572|09|2029|320
4563310048190429|09|2029|481
4563310048142180|09|2029|869
4563310048113728|09|2029|289
4563310048149516|09|2029|727
4563310048147676|09|2029|249
4563310048141422|09|2029|860
4563310048180362|09|2029|000
4563310048188647|09|2029|448
4563310048127710|09|2029|268
4563310048171130|09|2029|396
4563310048170181|09|2029|943
4563310048135044|09|2029|521
4563310048115129|09|2029|218
4563310048167013|09|2029|232
4563310048172070|09|2029|932
4563310048116671|09|2029|355
4563310048170835|09|2029|845
4563310048154706|09|2029|552
4563310048190130|09|2029|966
4563310048128379|09|2029|682
4563310048155927|09|2029|765
4563310048182053|09|2029|515
4563310048173763|09|2029|287
4563310048194041|09|2029|643
4563310048168581|09|2029|807
4563310048162915|09|2029|457
4563310048122133|09|2029|514
4563310048100998|09|2029|108
4563310048107779|09|2029|391
4563310048132363|09|2029|932
4563310048165124|09|2029|932
4563310048188019|09|2029|217
4563310048170181|09|2029|541
4563310048183416|09|2029|458
4563310048176089|09|2029|704
4563310048193977|09|2029|532
4563310048183432|09|2029|329
4563310048118123|09|2029|744
4563310048190445|09|2029|012
4563310048151058|09|2029|220
4563310048154649|09|2029|276
4563310048148559|09|2029|066
4563310048149169|09|2029|964
4563310048100493|09|2029|027
4563310048103281|09|2029|219
4563310048133890|09|2029|943
4563310048193910|09|2029|740
4563310048135291|09|2029|273
4563310048133023|09|2029|340
4563310048171320|09|2029|479
4563310048124287|09|2029|103
4563310048152734|09|2029|593
4563310048148468|09|2029|167
4563310048197051|09|2029|741
4563310048166023|09|2029|169
4563310048175859|09|2029|228
4563310048150316|09|2029|865
4563310048113991|09|2029|246
4563310048147155|09|2029|766
4563310048142883|09|2029|165
4563310048161230|09|2029|034
4563310048195360|09|2029|474
4563310048146017|09|2029|340
4563310048150019|09|2029|061
4563310048163210|09|2029|283
4563310048174688|09|2029|147
4563310048124899|09|2029|889
4563310048141844|09|2029|973
4563310048146892|09|2029|125
4563310048110187|09|2029|213
4563310048168623|09|2029|962
4563310048100386|09|2029|634
4563310048162063|09|2029|664
4563310048149573|09|2029|721
4563310048173557|09|2029|013
4563310048128692|09|2029|214
4563310048162626|09|2029|584
4563310048174597|09|2029|055
4563310048104735|09|2029|923
4563310048163244|09|2029|112
4563310048178556|09|2029|143
4563310048137537|09|2029|696
4563310048123081|09|2029|251
4563310048106169|09|2029|152
4563310048119709|09|2029|401
4563310048154730|09|2029|180
4563310048160729|09|2029|060
4563310048139467|09|2029|628
4563310048160067|09|2029|582
4563310048149730|09|2029|330
4563310048117778|09|2029|910
4563310048195220|09|2029|180
4563310048168383|09|2029|859
4563310048130854|09|2029|257
4563310048169373|09|2029|115
4563310048149813|09|2029|355
4563310048162824|09|2029|323
4563310048144483|09|2029|731
4563310048191948|09|2029|518
4563310048136976|09|2029|166
4563310048162915|09|2029|049
4563310048122521|09|2029|861
4563310048183762|09|2029|474
4563310048160752|09|2029|738
4563310048111607|09|2029|588
4563310048173219|09|2029|858
4563310048106821|09|2029|306
4563310048184901|09|2029|013
4563310048134054|09|2029|621
4563310048150613|09|2029|991
4563310048105096|09|2029|383
4563310048142214|09|2029|268
4563310048160349|09|2029|953
4563310048166528|09|2029|962
4563310048101574|09|2029|791
4563310048172971|09|2029|530
4563310048100154|09|2029|986
4563310048143394|09|2029|962
4563310048186534|09|2029|133
4563310048113249|09|2029|755
4563310048102507|09|2029|728
4563310048133247|09|2029|011
4563310048185346|09|2029|747
4563310048109304|09|2029|555
4563310048110294|09|2029|219
4563310048165025|09|2029|693
4563310048164762|09|2029|294
4563310048135986|09|2029|966
4563310048176188|09|2029|480
4563310048101947|09|2029|154
4563310048185114|09|2029|604
4563310048114841|09|2029|857
4563310048155455|09|2029|860
4563310048162204|09|2029|207
4563310048115137|09|2029|560
4563310048131597|09|2029|883
4563310048173540|09|2029|577
4563310048112910|09|2029|300
4563310048130805|09|2029|326
4563310048144947|09|2029|459
4563310048165496|09|2029|430
4563310048140093|09|2029|617
4563310048133130|09|2029|025
4563310048155596|09|2029|336
4563310048125946|09|2029|249
4563310048147106|09|2029|732
4563310048113397|09|2029|535
4563310048138147|09|2029|054
4563310048113439|09|2029|985
4563310048155000|09|2029|102
4563310048180982|09|2029|947
4563310048122281|09|2029|193
4563310048157048|09|2029|055
4563310048106326|09|2029|780
4563310048177806|09|2029|995
4563310048152973|09|2029|166
4563310048136752|09|2029|409
4563310048136034|09|2029|239
4563310048144244|09|2029|225
4563310048125896|09|2029|004
4563310048150712|09|2029|065
4563310048100253|09|2029|186
4563310048181147|09|2029|964
4563310048116457|09|2029|638
4563310048144848|09|2029|207
4563310048144087|09|2029|428
4563310048148138|09|2029|665
4563310048144285|09|2029|028
4563310048121713|09|2029|283
4563310048127983|09|2029|232
4563310048198653|09|2029|392
4563310048125128|09|2029|200
4563310048103109|09|2029|469
4563310048139905|09|2029|004
4563310048132447|09|2029|163
4563310048154979|09|2029|264
4563310048115863|09|2029|330
4563310048126522|09|2029|792
4563310048115962|09|2029|064
4563310048155638|09|2029|615
4563310048133775|09|2029|215
4563310048169423|09|2029|316
4563310048102580|09|2029|870
4563310048187912|09|2029|884
4563310048197143|09|2029|959
4563310048191351|09|2029|707
4563310048161883|09|2029|577
4563310048195766|09|2029|721
4563310048114049|09|2029|009
4563310048175768|09|2029|089
4563310048168433|09|2029|428
4563310048123636|09|2029|162
4563310048130482|09|2029|967
4563310048192052|09|2029|943
4563310048126464|09|2029|122
4563310048105476|09|2029|774
4563310048101012|09|2029|468
4563310048120616|09|2029|488
4563310048189934|09|2029|369
4563310048161305|09|2029|500
4563310048141554|09|2029|941
4563310048164218|09|2029|331
4563310048190577|09|2029|641
4563310048193829|09|2029|581
4563310048138329|09|2029|202
4563310048106318|09|2029|206
4563310048122513|09|2029|642
4563310048144525|09|2029|430
4563310048160141|09|2029|218
4563310048124212|09|2029|217
4563310048181030|09|2029|498
4563310048132447|09|2029|814
4563310048171338|09|2029|593
4563310048161792|09|2029|940
4563310048173086|09|2029|780
4563310048195485|09|2029|691
4563310048136703|09|2029|139
4563310048148211|09|2029|025
4563310048130110|09|2029|305
4563310048163467|09|2029|177
4563310048130250|09|2029|540
4563310048191245|09|2029|425
4563310048153716|09|2029|256
4563310048111136|09|2029|124
4563310048141935|09|2029|240
4563310048108595|09|2029|627
4563310048157824|09|2029|068
4563310048140572|09|2029|506
4563310048124667|09|2029|714
4563310048196160|09|2029|956
4563310048197598|09|2029|797
4563310048191153|09|2029|268
4563310048135739|09|2029|318
4563310048146603|09|2029|839
4563310048177319|09|2029|651
4563310048123032|09|2029|838
4563310048124808|09|2029|287
4563310048170249|09|2029|899
4563310048173086|09|2029|115
4563310048152247|09|2029|897
4563310048167252|09|2029|128
4563310048124022|09|2029|733
4563310048119162|09|2029|406
4563310048126183|09|2029|109
4563310048107373|09|2029|517
4563310048161917|09|2029|318
4563310048134286|09|2029|857
4563310048111979|09|2029|090
4563310048166692|09|2029|589
4563310048157931|09|2029|672
4563310048180776|09|2029|456
4563310048134633|09|2029|852
4563310048155943|09|2029|363
4563310048120293|09|2029|891
4563310048179174|09|2029|240
4563310048163848|09|2029|489
4563310048125425|09|2029|898
4563310048151850|09|2029|887
4563310048117174|09|2029|908
4563310048199974|09|2029|513
4563310048167286|09|2029|757
4563310048142834|09|2029|802
4563310048176089|09|2029|800
4563310048134039|09|2029|092
4563310048125227|09|2029|799
4563310048150860|09|2029|725
4563310048185254|09|2029|766
4563310048100311|09|2029|582
4563310048158103|09|2029|944
4563310048199396|09|2029|802
4563310048109361|09|2029|949
4563310048107415|09|2029|746
4563310048179612|09|2029|672
4563310048155026|09|2029|503
4563310048104032|09|2029|173
4563310048191062|09|2029|326
4563310048118172|09|2029|575
4563310048117182|09|2029|603
4563310048193001|09|2029|161
4563310048167856|09|2029|720
4563310048132033|09|2029|559
4563310048116085|09|2029|009
4563310048123776|09|2029|474
4563310048182624|09|2029|867
4563310048119949|09|2029|850
4563310048114940|09|2029|962
4563310048176972|09|2029|923
4563310048130920|09|2029|734
4563310048132868|09|2029|980
4563310048139418|09|2029|960
4563310048164200|09|2029|314
4563310048125300|09|2029|473
4563310048183655|09|2029|435
4563310048184349|09|2029|922
4563310048104867|09|2029|469
4563310048155992|09|2029|941
4563310048186427|09|2029|461
4563310048161438|09|2029|370
4563310048135739|09|2029|027
4563310048170421|09|2029|230
4563310048124360|09|2029|147
4563310048101178|09|2029|876
4563310048142818|09|2029|902
4563310048106805|09|2029|404
4563310048192185|09|2029|138
4563310048134906|09|2029|259
4563310048147510|09|2029|061
4563310048193043|09|2029|697
4563310048108736|09|2029|979
4563310048105682|09|2029|857
4563310048169951|09|2029|639
4563310048137214|09|2029|644
4563310048163699|09|2029|414
4563310048117406|09|2029|703
4563310048160513|09|2029|140
4563310048168854|09|2029|629
4563310048151900|09|2029|808
4563310048148195|09|2029|292
4563310048106953|09|2029|451
4563310048151041|09|2029|621
4563310048110732|09|2029|696
4563310048132025|09|2029|749
4563310048131399|09|2029|034
4563310048143691|09|2029|641
4563310048109015|09|2029|762
4563310048170561|09|2029|021
4563310048177103|09|2029|444
4563310048101830|09|2029|391
4563310048158020|09|2029|812
4563310048197895|09|2029|430
4563310048162949|09|2029|289
4563310048171635|09|2029|708
4563310048157972|09|2029|848
4563310048193829|09|2029|749
4563310048135663|09|2029|589
4563310048165330|09|2029|339
4563310048101962|09|2029|575
4563310048125052|09|2029|089
4563310048152577|09|2029|202
4563310048130433|09|2029|998
4563310048156800|09|2029|589
4563310048158152|09|2029|317
4563310048131902|09|2029|878
4563310048112118|09|2029|568
4563310048147528|09|2029|924
4563310048196798|09|2029|991
4563310048147502|09|2029|149
4563310048191633|09|2029|849
4563310048134872|09|2029|078
4563310048197523|09|2029|351
4563310048141984|09|2029|318
4563310048156974|09|2029|741
4563310048109197|09|2029|436
4563310048134120|09|2029|032
4563310048191203|09|2029|211
4563310048175131|09|2029|237
4563310048139509|09|2029|518
4563310048186914|09|2029|483
4563310048180693|09|2029|109
4563310048146884|09|2029|636
4563310048166650|09|2029|541
4563310048171775|09|2029|921
4563310048198208|09|2029|800
4563310048133593|09|2029|777
4563310048175149|09|2029|982
4563310048129369|09|2029|638
4563310048148542|09|2029|662
4563310048103943|09|2029|155
4563310048167377|09|2029|329
4563310048115921|09|2029|463
4563310048148989|09|2029|140
4563310048158996|09|2029|117
4563310048143105|09|2029|737
4563310048165389|09|2029|179
4563310048125235|09|2029|012
4563310048168110|09|2029|991
4563310048130920|09|2029|089
4563310048164630|09|2029|334
4563310048184174|09|2029|275
4563310048105955|09|2029|152
4563310048122349|09|2029|640
4563310048127462|09|2029|288
4563310048164457|09|2029|617
4563310048154185|09|2029|835
4563310048182285|09|2029|224
4563310048128544|09|2029|538
4563310048120004|09|2029|707
4563310048142016|09|2029|246
4563310048150100|09|2029|801
4563310048146306|09|2029|844
4563310048156065|09|2029|079
4563310048116051|09|2029|185
4563310048161362|09|2029|692
4563310048137214|09|2029|064
4563310048179992|09|2029|396
4563310048105906|09|2029|116
4563310048152429|09|2029|053
4563310048178283|09|2029|715
4563310048114866|09|2029|276
4563310048113140|09|2029|425
4563310048127389|09|2029|422
4563310048148005|09|2029|163
4563310048110005|09|2029|086
4563310048195782|09|2029|784
4563310048124345|09|2029|089
4563310048132983|09|2029|544
4563310048147460|09|2029|974
4563310048196517|09|2029|335
4563310048181931|09|2029|274
4563310048172047|09|2029|188
4563310048184778|09|2029|616
4563310048151710|09|2029|230
4563310048134047|09|2029|736
4563310048186054|09|2029|473
4563310048193761|09|2029|190
4563310048172252|09|2029|746
4563310048151827|09|2029|125
4563310048133056|09|2029|025
4563310048167476|09|2029|753
4563310048162071|09|2029|899
4563310048117497|09|2029|865
4563310048174019|09|2029|499
4563310048112837|09|2029|040
4563310048197036|09|2029|195
4563310048102978|09|2029|641
4563310048114874|09|2029|897
4563310048199735|09|2029|851
4563310048131225|09|2029|859
4563310048160844|09|2029|428
4563310048182699|09|2029|966
4563310048185841|09|2029|972
4563310048120418|09|2029|511
4563310048195758|09|2029|980
4563310048176287|09|2029|924
4563310048154789|09|2029|861
4563310048136927|09|2029|070
4563310048164986|09|2029|790
4563310048151066|09|2029|182
4563310048125953|09|2029|733
4563310048126340|09|2029|567
4563310048126902|09|2029|442
4563310048174969|09|2029|666
4563310048131027|09|2029|137
4563310048110153|09|2029|555
4563310048187920|09|2029|256
4563310048134872|09|2029|790
4563310048183499|09|2029|800
4563310048152569|09|2029|484
4563310048165389|09|2029|550
4563310048115566|09|2029|123
4563310048114023|09|2029|396
4563310048165991|09|2029|076
4563310048164507|09|2029|106
4563310048148849|09|2029|865
4563310048181659|09|2029|199
4563310048100519|09|2029|575
4563310048196780|09|2029|399
4563310048114106|09|2029|626
4563310048119204|09|2029|547
4563310048120343|09|2029|661
4563310048119055|09|2029|276
4563310048148716|09|2029|733
4563310048113066|09|2029|803
4563310048159119|09|2029|560
4563310048150217|09|2029|030
4563310048196467|09|2029|279
4563310048175834|09|2029|488
4563310048137891|09|2029|186
4563310048114957|09|2029|553
4563310048101491|09|2029|836
4563310048117240|09|2029|613
4563310048170892|09|2029|689
4563310048160992|09|2029|834
4563310048172815|09|2029|506
4563310048108066|09|2029|473
4563310048117927|09|2029|382
4563310048150811|09|2029|674
4563310048191245|09|2029|449
4563310048174654|09|2029|691
4563310048196608|09|2029|488
4563310048174118|09|2029|256
4563310048113355|09|2029|932
4563310048104438|09|2029|724
4563310048143014|09|2029|973
4563310048183390|09|2029|202
4563310048116879|09|2029|311
4563310048119451|09|2029|762
4563310048145522|09|2029|965
4563310048168706|09|2029|659
4563310048117372|09|2029|551
4563310048133288|09|2029|066
4563310048159770|09|2029|519
4563310048127884|09|2029|792
4563310048150381|09|2029|127
4563310048108926|09|2029|401
4563310048126753|09|2029|295
4563310048154219|09|2029|781
4563310048193829|09|2029|021
4563310048181253|09|2029|312
4563310048130383|09|2029|589
4563310048109833|09|2029|656
4563310048164515|09|2029|666
4563310048104339|09|2029|967
4563310048141547|09|2029|829
4563310048171403|09|2029|884
4563310048168656|09|2029|305
4563310048110781|09|2029|069
4563310048170975|09|2029|602
4563310048184216|09|2029|492
4563310048191583|09|2029|166
4563310048156164|09|2029|011
4563310048166296|09|2029|505
4563310048164564|09|2029|951
4563310048146363|09|2029|646
4563310048159002|09|2029|314
4563310048132074|09|2029|565
4563310048134377|09|2029|038
4563310048106714|09|2029|324
4563310048141760|09|2029|554
4563310048149185|09|2029|003
4563310048158574|09|2029|825
4563310048186765|09|2029|874
4563310048146165|09|2029|062
4563310048177087|09|2029|865
4563310048199164|09|2029|517
4563310048159630|09|2029|128
4563310048118057|09|2029|969
4563310048186567|09|2029|732
4563310048199206|09|2029|886
4563310048107399|09|2029|522
4563310048188951|09|2029|484
4563310048142198|09|2029|602
4563310048131167|09|2029|279
4563310048197887|09|2029|591
4563310048175404|09|2029|393
4563310048126563|09|2029|472
4563310048129088|09|2029|023
4563310048113843|09|2029|968
4563310048122885|09|2029|635
4563310048182830|09|2029|275
4563310048170512|09|2029|663
4563310048165108|09|2029|189
4563310048123156|09|2029|579
4563310048134633|09|2029|982
4563310048169704|09|2029|223
4563310048189603|09|2029|914
4563310048192235|09|2029|042
4563310048187219|09|2029|381
4563310048170512|09|2029|558
4563310048149581|09|2029|012
4563310048134898|09|2029|502
4563310048186641|09|2029|291
4563310048142479|09|2029|126
4563310048173839|09|2029|393
4563310048145118|09|2029|210
4563310048189850|09|2029|710
4563310048128700|09|2029|222
4563310048186799|09|2029|592
4563310048124857|09|2029|056
4563310048197267|09|2029|340
4563310048185635|09|2029|523
4563310048101962|09|2029|379
4563310048182939|09|2029|757
4563310048190072|09|2029|281
4563310048120590|09|2029|039
4563310048169944|09|2029|617
4563310048144749|09|2029|880
4563310048138501|09|2029|933
4563310048100204|09|2029|499
4563310048105799|09|2029|635
4563310048103471|09|2029|968
4563310048168250|09|2029|537
4563310048141398|09|2029|182
4563310048180776|09|2029|552
4563310048127637|09|2029|942
4563310048166213|09|2029|808
4563310048105633|09|2029|637
4563310048143386|09|2029|799
4563310048116564|09|2029|186
4563310048150969|09|2029|831
4563310048143345|09|2029|257
4563310048125482|09|2029|899
4563310048129088|09|2029|880
4563310048166007|09|2029|495
4563310048154227|09|2029|181
4563310048165637|09|2029|228
4563310048117125|09|2029|654
4563310048141133|09|2029|983
4563310048125888|09|2029|090
4563310048136323|09|2029|687
4563310048153336|09|2029|464
4563310048107951|09|2029|556
4563310048124915|09|2029|748
4563310048168953|09|2029|194
4563310048118974|09|2029|952
4563310048166486|09|2029|483
4563310048102192|09|2029|668
4563310048119477|09|2029|762
4563310048171114|09|2029|502
4563310048180586|09|2029|678
4563310048103299|09|2029|666
4563310048172377|09|2029|146
4563310048147809|09|2029|123
4563310048139947|09|2029|803
4563310048168615|09|2029|106
4563310048133205|09|2029|165
4563310048174886|09|2029|394
4563310048139038|09|2029|068
4563310048105898|09|2029|277
4563310048111250|09|2029|533
4563310048127777|09|2029|747
4563310048102598|09|2029|559
4563310048175545|09|2029|974
4563310048136265|09|2029|661
4563310048118081|09|2029|858
4563310048130623|09|2029|439
4563310048111300|09|2029|670
4563310048176360|09|2029|047
4563310048192805|09|2029|432
4563310048172609|09|2029|974
4563310048192656|09|2029|864
4563310048133106|09|2029|869
4563310048103802|09|2029|101
4563310048119204|09|2029|027
4563310048151603|09|2029|426
4563310048185296|09|2029|167
4563310048158756|09|2029|173
4563310048127314|09|2029|945
4563310048139657|09|2029|332
4563310048118537|09|2029|053
4563310048161412|09|2029|936
4563310048124295|09|2029|732
4563310048132108|09|2029|415
4563310048135309|09|2029|429
4563310048196327|09|2029|745
4563310048149235|09|2029|759
4563310048183804|09|2029|608
4563310048141075|09|2029|320
4563310048188167|09|2029|607
4563310048118404|09|2029|868
4563310048169936|09|2029|939
4563310048176816|09|2029|249
4563310048127413|09|2029|325
4563310048186757|09|2029|278
4563310048137743|09|2029|121
4563310048188605|09|2029|474
4563310048194165|09|2029|392
4563310048144244|09|2029|815
4563310048181741|09|2029|735
4563310048191336|09|2029|103
4563310048110526|09|2029|236
4563310048148385|09|2029|736
4563310048164606|09|2029|310
4563310048142479|09|2029|119
4563310048181675|09|2029|531
4563310048145159|09|2029|662
4563310048119469|09|2029|276
4563310048187771|09|2029|088
4563310048188357|09|2029|926
4563310048155257|09|2029|378
4563310048197481|09|2029|389
4563310048134039|09|2029|192
4563310048194389|09|2029|359
4563310048128775|09|2029|154
4563310048168615|09|2029|145
4563310048141687|09|2029|135
4563310048142198|09|2029|864
4563310048171619|09|2029|493
4563310048128601|09|2029|161
4563310048176147|09|2029|568
4563310048131050|09|2029|471
4563310048129351|09|2029|508
4563310048128916|09|2029|554
4563310048154789|09|2029|652
4563310048100386|09|2029|515
4563310048187995|09|2029|788
4563310048165173|09|2029|468
4563310048198372|09|2029|286
4563310048181774|09|2029|213
4563310048115665|09|2029|411
4563310048126761|09|2029|473
4563310048105161|09|2029|849
4563310048176352|09|2029|052
4563310048116317|09|2029|999
4563310048105435|09|2029|695
4563310048155653|09|2029|219
4563310048162501|09|2029|602
4563310048106524|09|2029|937
4563310048179257|09|2029|816
4563310048146173|09|2029|367
4563310048108942|09|2029|952
4563310048148815|09|2029|399
4563310048125391|09|2029|476
4563310048195972|09|2029|042
4563310048118388|09|2029|283
4563310048185312|09|2029|111
4563310048100485|09|2029|781
4563310048167203|09|2029|802
4563310048137602|09|2029|401
4563310048162840|09|2029|658
4563310048163285|09|2029|412
4563310048112035|09|2029|180
4563310048190742|09|2029|577
4563310048149086|09|2029|515
4563310048185627|09|2029|038
4563310048166510|09|2029|232
4563310048141323|09|2029|612
4563310048197051|09|2029|323
4563310048175511|09|2029|444
4563310048161867|09|2029|345
4563310048195873|09|2029|712
4563310048190726|09|2029|877
4563310048160372|09|2029|575
4563310048105864|09|2029|234
4563310048100188|09|2029|106
4563310048116879|09|2029|914
4563310048181592|09|2029|087
4563310048177533|09|2029|781
4563310048125854|09|2029|491
4563310048181469|09|2029|545
4563310048187631|09|2029|928
4563310048114692|09|2029|901
4563310048185643|09|2029|888
4563310048150985|09|2029|589
4563310048132975|09|2029|822
4563310048197465|09|2029|603
4563310048153708|09|2029|148
4563310048110674|09|2029|557
4563310048125250|09|2029|083
4563310048161917|09|2029|371
4563310048183507|09|2029|570
4563310048188597|09|2029|267
4563310048144939|09|2029|830
4563310048159648|09|2029|211
4563310048196368|09|2029|329
4563310048150118|09|2029|532
4563310048107464|09|2029|889
4563310048185650|09|2029|364
4563310048130771|09|2029|070
4563310048146512|09|2029|514
4563310048164473|09|2029|036
4563310048177046|09|2029|761
4563310048102648|09|2029|266
4563310048148427|09|2029|945
4563310048106300|09|2029|907
4563310048104099|09|2029|662
4563310048143899|09|2029|091
4563310048103836|09|2029|022
4563310048188779|09|2029|121
4563310048153179|09|2029|818
4563310048138873|09|2029|366
4563310048139830|09|2029|881
4563310048169068|09|2029|306
4563310048109940|09|2029|605
4563310048162337|09|2029|599
4563310048199263|09|2029|562
4563310048155349|09|2029|436
4563310048138972|09|2029|701
4563310048118305|09|2029|531
4563310048185494|09|2029|583
4563310048147452|09|2029|079
4563310048165264|09|2029|056
4563310048164457|09|2029|903
4563310048132355|09|2029|241
4563310048110534|09|2029|450
4563310048191997|09|2029|097
4563310048106953|09|2029|574
4563310048171585|09|2029|535
4563310048193480|09|2029|328
4563310048151082|09|2029|590
4563310048162113|09|2029|850
4563310048197671|09|2029|866
4563310048130854|09|2029|511
4563310048181022|09|2029|498
4563310048195642|09|2029|737
4563310048165322|09|2029|854
4563310048135531|09|2029|607
4563310048133395|09|2029|565
4563310048103901|09|2029|383
4563310048128544|09|2029|606
4563310048137487|09|2029|493
4563310048181642|09|2029|744
4563310048141786|09|2029|792
4563310048107639|09|2029|232
4563310048123792|09|2029|705
4563310048160240|09|2029|862
4563310048119253|09|2029|778
4563310048110047|09|2029|611
4563310048193852|09|2029|043
4563310048169860|09|2029|442
4563310048123420|09|2029|729
4563310048152767|09|2029|538
4563310048182954|09|2029|976
4563310048188001|09|2029|430
4563310048173193|09|2029|932
4563310048170405|09|2029|278
4563310048194587|09|2029|778
4563310048159309|09|2029|157
4563310048183648|09|2029|095
4563310048131480|09|2029|226
4563310048179968|09|2029|631
4563310048124857|09|2029|763
4563310048171338|09|2029|973
4563310048157618|09|2029|743
4563310048188316|09|2029|006
4563310048130797|09|2029|233
4563310048166353|09|2029|822
4563310048147684|09|2029|337
4563310048136943|09|2029|372
4563310048148278|09|2029|045
4563310048117687|09|2029|862
4563310048197903|09|2029|802
4563310048131951|09|2029|911
4563310048155455|09|2029|570
4563310048119378|09|2029|281
4563310048163376|09|2029|151
4563310048197184|09|2029|931
4563310048113397|09|2029|095
4563310048165819|09|2029|740
4563310048151470|09|2029|362
4563310048116077|09|2029|070
4563310048177699|09|2029|110
4563310048147494|09|2029|758
4563310048109510|09|2029|164
4563310048165108|09|2029|578
4563310048135259|09|2029|123
4563310048129278|09|2029|072
4563310048124089|09|2029|737
4563310048145258|09|2029|103
4563310048183671|09|2029|062
4563310048126563|09|2029|242
4563310048143568|09|2029|837
4563310048110252|09|2029|164
4563310048196228|09|2029|191
4563310048189975|09|2029|692
4563310048122430|09|2029|916
4563310048110161|09|2029|383
4563310048145118|09|2029|002
4563310048170066|09|2029|653
4563310048159986|09|2029|550
4563310048144426|09|2029|201
4563310048136869|09|2029|602
4563310048111615|09|2029|824
4563310048168227|09|2029|383
4563310048165728|09|2029|617
4563310048149474|09|2029|938
4563310048186666|09|2029|470
4563310048171411|09|2029|887
4563310048176592|09|2029|492
4563310048113116|09|2029|766
4563310048153427|09|2029|359
4563310048160356|09|2029|852
4563310048100279|09|2029|925
4563310048169944|09|2029|286
4563310048115491|09|2029|500
4563310048175420|09|2029|325
4563310048134112|09|2029|059
4563310048110856|09|2029|114
4563310048193837|09|2029|155
4563310048160927|09|2029|257
4563310048102754|09|2029|120
4563310048160869|09|2029|463
4563310048173896|09|2029|112
4563310048197812|09|2029|193
4563310048111854|09|2029|427
4563310048172427|09|2029|059
4563310048134435|09|2029|744
4563310048139731|09|2029|555
4563310048156982|09|2029|725
4563310048199644|09|2029|666
4563310048140846|09|2029|494
4563310048151165|09|2029|630
4563310048167187|09|2029|583
4563310048137271|09|2029|251
4563310048132959|09|2029|874
4563310048114759|09|2029|085
4563310048151991|09|2029|688
4563310048112993|09|2029|251
4563310048132504|09|2029|661
4563310048176337|09|2029|052
4563310048108678|09|2029|428
4563310048192268|09|2029|198
4563310048199966|09|2029|432
4563310048119188|09|2029|972
4563310048199248|09|2029|583
4563310048146215|09|2029|877
4563310048144830|09|2029|560
4563310048155281|09|2029|663
4563310048138253|09|2029|873
4563310048159234|09|2029|367
4563310048151090|09|2029|924
4563310048124220|09|2029|608
4563310048177707|09|2029|948
4563310048104966|09|2029|430
4563310048147510|09|2029|089
4563310048152544|09|2029|726
4563310048104644|09|2029|202
4563310048136000|09|2029|394
4563310048181105|09|2029|698
4563310048121143|09|2029|247
4563310048154813|09|2029|298
4563310048162436|09|2029|904
4563310048124220|09|2029|227
4563310048131605|09|2029|881
4563310048186179|09|2029|250
4563310048165504|09|2029|542
4563310048109171|09|2029|048
4563310048172963|09|2029|615
4563310048197739|09|2029|011
4563310048129906|09|2029|606
4563310048148567|09|2029|052
4563310048190148|09|2029|462
4563310048104040|09|2029|498
4563310048151801|09|2029|098
4563310048134948|09|2029|629
4563310048111284|09|2029|635
4563310048168714|09|2029|305
4563310048103661|09|2029|300
4563310048153666|09|2029|073
4563310048193340|09|2029|486
4563310048193118|09|2029|657
4563310048164887|09|2029|005
4563310048189819|09|2029|819
4563310048179869|09|2029|884
4563310048178176|09|2029|957
4563310048155398|09|2029|038
4563310048152643|09|2029|286
4563310048129252|09|2029|937
4563310048124352|09|2029|176
4563310048137941|09|2029|956
4563310048136901|09|2029|846
4563310048158822|09|2029|512
4563310048174795|09|2029|484
4563310048122711|09|2029|758
4563310048136190|09|2029|304
4563310048180842|09|2029|351
4563310048128882|09|2029|405
4563310048122497|09|2029|804
4563310048165520|09|2029|006
4563310048109684|09|2029|430
4563310048187045|09|2029|058
4563310048154730|09|2029|228
4563310048107563|09|2029|031
4563310048118826|09|2029|092
4563310048159770|09|2029|199
4563310048104719|09|2029|129
4563310048151546|09|2029|506
4563310048181881|09|2029|768
4563310048108173|09|2029|449
4563310048199784|09|2029|091
4563310048149201|09|2029|134
4563310048152361|09|2029|102
4563310048116606|09|2029|348
4563310048172732|09|2029|306
4563310048174878|09|2029|459
4563310048148823|09|2029|132
4563310048166460|09|2029|540
4563310048162287|09|2029|567
4563310048128197|09|2029|925
4563310048104149|09|2029|766
4563310048191872|09|2029|674
4563310048150472|09|2029|964
4563310048183507|09|2029|756
4563310048192078|09|2029|931
4563310048154029|09|2029|756
4563310048142743|09|2029|151
4563310048136182|09|2029|802
4563310048195535|09|2029|008
4563310048154565|09|2029|305
4563310048197192|09|2029|629
4563310048119436|09|2029|202
4563310048192292|09|2029|903
4563310048156248|09|2029|413
4563310048122489|09|2029|905
4563310048148245|09|2029|348
4563310048116796|09|2029|024
4563310048193175|09|2029|342
4563310048109346|09|2029|399
4563310048153427|09|2029|473
4563310048106227|09|2029|450
4563310048147775|09|2029|041
4563310048176964|09|2029|101
4563310048109338|09|2029|627
4563310048142115|09|2029|315
4563310048194678|09|2029|635
4563310048133221|09|2029|972
4563310048196558|09|2029|415
4563310048118263|09|2029|203
4563310048183242|09|2029|106
4563310048133536|09|2029|077
4563310048126225|09|2029|299
4563310048117323|09|2029|185
4563310048179919|09|2029|520
4563310048157279|09|2029|904
4563310048191849|09|2029|915
4563310048102937|09|2029|896
4563310048185072|09|2029|602
4563310048160372|09|2029|006
4563310048126423|09|2029|780
4563310048115871|09|2029|736
4563310048153955|09|2029|075
4563310048147965|09|2029|796
4563310048185890|09|2029|643
4563310048165512|09|2029|451
4563310048185635|09|2029|929
4563310048141216|09|2029|081
4563310048157030|09|2029|081
4563310048167476|09|2029|247
4563310048171072|09|2029|969
4563310048128650|09|2029|610
4563310048154466|09|2029|343
4563310048171296|09|2029|102
4563310048136836|09|2029|054
4563310048195261|09|2029|190
4563310048197754|09|2029|889
4563310048177095|09|2029|201
4563310048189629|09|2029|106
4563310048149797|09|2029|726
4563310048138162|09|2029|756
4563310048114742|09|2029|277
4563310048177228|09|2029|255
4563310048155273|09|2029|593
4563310048197135|09|2029|954
4563310048142768|09|2029|318
4563310048195212|09|2029|530